"Época","Treinamento 2","Validação 2","Treinamento 4","Validação 4","Treinamento 8","Validação 8","Treinamento 16","Validação 16","Treinamento 32","Validação 32","Treinamento 64","Validação 64","Treinamento 128","Validação 128"
1,1.101,1.078,1.100,1.069,1.122,1.053,1.107,1.038,1.048,0.974,1.048,0.962,1.051,0.936
2,1.073,1.058,1.056,1.038,1.018,0.989,1.005,0.970,0.920,0.881,0.904,0.860,0.874,0.839
3,1.050,1.033,1.023,1.006,0.957,0.935,0.937,0.909,0.847,0.827,0.824,0.805,0.803,0.789
4,1.023,1.007,0.991,0.976,0.905,0.889,0.878,0.858,0.804,0.796,0.783,0.779,0.773,0.774
5,0.997,0.982,0.959,0.946,0.864,0.853,0.834,0.822,0.780,0.778,0.764,0.767,0.760,0.761
6,0.972,0.958,0.929,0.918,0.832,0.825,0.803,0.798,0.766,0.768,0.756,0.760,0.754,0.760
7,0.948,0.936,0.901,0.892,0.808,0.805,0.783,0.782,0.759,0.761,0.753,0.758,0.752,0.757
8,0.927,0.917,0.876,0.869,0.791,0.790,0.771,0.772,0.754,0.761,0.751,0.758,0.751,0.760
9,0.907,0.899,0.853,0.850,0.779,0.780,0.764,0.766,0.753,0.759,0.750,0.758,0.750,0.755
10,0.890,0.883,0.835,0.830,0.770,0.773,0.758,0.763,0.751,0.757,0.750,0.755,0.750,0.757
11,0.875,0.869,0.816,0.814,0.765,0.768,0.755,0.760,0.750,0.758,0.750,0.756,0.749,0.757
12,0.861,0.856,0.803,0.803,0.761,0.766,0.753,0.759,0.750,0.755,0.749,0.755,0.750,0.755
13,0.848,0.845,0.791,0.793,0.758,0.764,0.753,0.758,0.749,0.755,0.749,0.755,0.750,0.754
14,0.837,0.834,0.782,0.784,0.756,0.763,0.751,0.758,0.749,0.755,0.749,0.757,0.750,0.755
15,0.828,0.826,0.774,0.778,0.754,0.761,0.751,0.756,0.750,0.754,0.749,0.757,0.749,0.755
16,0.818,0.817,0.769,0.774,0.754,0.760,0.750,0.756,0.749,0.756,0.749,0.755,0.749,0.753
17,0.811,0.812,0.765,0.771,0.753,0.760,0.750,0.757,0.748,0.754,0.749,0.755,0.749,0.754
18,0.805,0.807,0.762,0.767,0.752,0.757,0.749,0.755,0.749,0.756,0.749,0.757,0.749,0.753
19,0.799,0.801,0.760,0.766,0.751,0.757,0.748,0.755,0.749,0.754,0.748,0.753,0.748,0.754
20,0.794,0.796,0.759,0.764,0.751,0.756,0.749,0.754,0.748,0.755,0.748,0.755,0.748,0.755
21,0.790,0.792,0.756,0.763,0.751,0.756,0.749,0.755,0.749,0.758,0.748,0.760,0.748,0.754
22,0.786,0.790,0.756,0.762,0.750,0.756,0.748,0.755,0.748,0.755,0.749,0.754,0.749,0.754
23,0.783,0.785,0.754,0.762,0.749,0.755,0.749,0.755,0.748,0.754,0.749,0.754,0.749,0.754
24,0.780,0.785,0.754,0.760,0.750,0.756,0.748,0.754,0.747,0.754,0.748,0.753,0.750,0.755
25,0.778,0.781,0.754,0.759,0.748,0.755,0.748,0.754,0.747,0.753,0.747,0.754,0.749,0.755
26,0.776,0.780,0.754,0.760,0.748,0.754,0.748,0.753,0.747,0.753,0.747,0.753,0.748,0.754
27,0.774,0.777,0.753,0.758,0.748,0.755,0.746,0.754,0.746,0.755,0.748,0.753,0.750,0.757
28,0.772,0.777,0.752,0.759,0.747,0.753,0.747,0.752,0.747,0.754,0.747,0.753,0.748,0.753
29,0.772,0.775,0.751,0.759,0.748,0.754,0.746,0.754,0.747,0.753,0.748,0.757,0.749,0.755
30,0.770,0.774,0.751,0.758,0.747,0.753,0.745,0.752,0.748,0.754,0.748,0.754,0.749,0.755
31,0.769,0.774,0.751,0.759,0.747,0.754,0.747,0.753,0.747,0.752,0.747,0.753,0.748,0.758
32,0.768,0.772,0.752,0.759,0.746,0.752,0.746,0.751,0.746,0.753,0.748,0.758,0.748,0.753
33,0.766,0.771,0.750,0.757,0.746,0.752,0.745,0.752,0.748,0.753,0.746,0.753,0.748,0.754
34,0.766,0.771,0.750,0.757,0.745,0.752,0.745,0.750,0.747,0.752,0.747,0.753,0.748,0.755
35,0.765,0.770,0.750,0.757,0.746,0.753,0.744,0.750,0.746,0.753,0.746,0.754,0.747,0.753
36,0.764,0.769,0.750,0.756,0.745,0.751,0.744,0.750,0.746,0.755,0.746,0.752,0.747,0.753
37,0.764,0.769,0.749,0.756,0.745,0.751,0.743,0.750,0.746,0.753,0.746,0.752,0.748,0.752
38,0.764,0.769,0.750,0.757,0.744,0.751,0.743,0.750,0.746,0.753,0.746,0.752,0.749,0.752
39,0.762,0.768,0.749,0.756,0.744,0.750,0.743,0.749,0.746,0.753,0.746,0.753,0.747,0.756
40,0.762,0.767,0.749,0.756,0.743,0.750,0.743,0.747,0.745,0.753,0.746,0.752,0.747,0.758
41,0.762,0.767,0.749,0.756,0.743,0.750,0.742,0.747,0.746,0.753,0.746,0.753,0.748,0.754
42,0.762,0.767,0.749,0.755,0.743,0.749,0.742,0.748,0.746,0.751,0.745,0.751,0.746,0.752
43,0.761,0.766,0.749,0.756,0.741,0.748,0.740,0.746,0.746,0.752,0.745,0.752,0.747,0.753
44,0.761,0.767,0.748,0.754,0.743,0.749,0.741,0.747,0.745,0.753,0.744,0.749,0.747,0.754
45,0.760,0.768,0.748,0.756,0.742,0.750,0.738,0.745,0.744,0.751,0.743,0.750,0.747,0.753
46,0.760,0.765,0.747,0.755,0.741,0.747,0.740,0.745,0.745,0.750,0.743,0.748,0.748,0.756
47,0.760,0.766,0.747,0.753,0.741,0.748,0.738,0.746,0.745,0.751,0.744,0.750,0.746,0.751
48,0.759,0.766,0.747,0.755,0.740,0.747,0.738,0.742,0.745,0.749,0.743,0.749,0.746,0.751
49,0.759,0.765,0.748,0.755,0.740,0.747,0.736,0.742,0.743,0.750,0.740,0.747,0.744,0.752
50,0.758,0.764,0.746,0.754,0.740,0.747,0.735,0.742,0.743,0.748,0.739,0.745,0.745,0.752
51,0.759,0.764,0.747,0.755,0.739,0.747,0.734,0.739,0.743,0.748,0.738,0.745,0.743,0.749
52,0.757,0.763,0.747,0.753,0.738,0.746,0.733,0.740,0.742,0.748,0.737,0.747,0.743,0.749
53,0.758,0.764,0.746,0.753,0.738,0.745,0.731,0.738,0.743,0.749,0.735,0.746,0.742,0.749
54,0.757,0.764,0.746,0.753,0.738,0.746,0.729,0.735,0.741,0.746,0.734,0.741,0.741,0.748
55,0.758,0.763,0.746,0.753,0.737,0.744,0.728,0.735,0.740,0.748,0.733,0.739,0.740,0.745
56,0.758,0.764,0.746,0.753,0.738,0.745,0.727,0.732,0.739,0.746,0.732,0.737,0.740,0.746
57,0.757,0.764,0.746,0.753,0.736,0.743,0.723,0.729,0.738,0.743,0.730,0.736,0.737,0.747
58,0.757,0.763,0.745,0.754,0.737,0.744,0.723,0.727,0.739,0.746,0.729,0.734,0.736,0.742
59,0.757,0.763,0.745,0.753,0.736,0.742,0.721,0.727,0.737,0.742,0.727,0.733,0.734,0.738
60,0.756,0.763,0.745,0.753,0.734,0.743,0.719,0.723,0.736,0.741,0.726,0.733,0.730,0.736
61,0.758,0.763,0.745,0.752,0.735,0.742,0.717,0.721,0.734,0.739,0.724,0.734,0.729,0.733
62,0.757,0.762,0.746,0.753,0.734,0.742,0.715,0.718,0.733,0.738,0.723,0.727,0.725,0.730
63,0.757,0.761,0.745,0.753,0.734,0.742,0.712,0.716,0.732,0.737,0.719,0.727,0.721,0.726
64,0.757,0.763,0.744,0.752,0.733,0.740,0.709,0.715,0.730,0.737,0.717,0.722,0.715,0.721
65,0.756,0.762,0.744,0.755,0.732,0.740,0.707,0.713,0.729,0.734,0.714,0.719,0.711,0.715
66,0.755,0.761,0.744,0.752,0.732,0.739,0.705,0.711,0.727,0.733,0.711,0.716,0.707,0.711
67,0.756,0.761,0.744,0.752,0.731,0.738,0.703,0.708,0.726,0.730,0.707,0.715,0.702,0.706
68,0.755,0.761,0.744,0.752,0.731,0.738,0.701,0.707,0.723,0.729,0.704,0.709,0.696,0.699
69,0.756,0.761,0.743,0.752,0.730,0.737,0.697,0.704,0.721,0.727,0.700,0.706,0.692,0.697
70,0.754,0.760,0.744,0.752,0.729,0.735,0.695,0.703,0.719,0.724,0.696,0.701,0.685,0.690
71,0.755,0.762,0.744,0.751,0.728,0.737,0.694,0.700,0.717,0.721,0.692,0.697,0.681,0.688
72,0.754,0.761,0.744,0.750,0.727,0.737,0.691,0.698,0.714,0.720,0.689,0.695,0.677,0.685
73,0.754,0.761,0.743,0.752,0.727,0.734,0.688,0.696,0.712,0.719,0.684,0.689,0.672,0.677
74,0.753,0.760,0.743,0.751,0.725,0.733,0.686,0.694,0.710,0.716,0.679,0.685,0.669,0.676
75,0.755,0.761,0.743,0.751,0.724,0.733,0.685,0.692,0.706,0.712,0.676,0.681,0.665,0.676
76,0.753,0.760,0.742,0.751,0.722,0.729,0.683,0.690,0.705,0.710,0.672,0.677,0.662,0.670
77,0.755,0.760,0.743,0.751,0.721,0.728,0.681,0.689,0.702,0.707,0.668,0.675,0.661,0.666
78,0.754,0.762,0.743,0.751,0.720,0.727,0.678,0.685,0.699,0.703,0.665,0.671,0.658,0.665
79,0.753,0.759,0.743,0.751,0.719,0.725,0.677,0.683,0.696,0.702,0.662,0.670,0.654,0.663
80,0.754,0.760,0.743,0.751,0.717,0.722,0.675,0.683,0.692,0.699,0.659,0.665,0.653,0.661
81,0.754,0.759,0.742,0.749,0.715,0.722,0.673,0.680,0.689,0.696,0.656,0.664,0.652,0.660
82,0.753,0.759,0.743,0.751,0.713,0.720,0.671,0.680,0.687,0.693,0.655,0.662,0.650,0.656
83,0.753,0.760,0.742,0.750,0.712,0.718,0.671,0.678,0.683,0.689,0.652,0.658,0.648,0.655
84,0.753,0.759,0.741,0.749,0.710,0.717,0.669,0.675,0.681,0.687,0.650,0.658,0.647,0.655
85,0.753,0.760,0.742,0.748,0.708,0.715,0.667,0.674,0.677,0.685,0.648,0.659,0.646,0.654
86,0.754,0.759,0.741,0.748,0.706,0.713,0.665,0.674,0.674,0.679,0.647,0.659,0.644,0.652
87,0.754,0.759,0.741,0.750,0.704,0.712,0.663,0.673,0.672,0.677,0.645,0.655,0.643,0.652
88,0.752,0.760,0.741,0.749,0.703,0.709,0.663,0.672,0.668,0.676,0.644,0.653,0.642,0.654
89,0.754,0.759,0.741,0.749,0.701,0.708,0.662,0.669,0.666,0.671,0.643,0.652,0.641,0.649
90,0.753,0.760,0.741,0.748,0.701,0.709,0.660,0.669,0.664,0.670,0.643,0.651,0.641,0.650
91,0.753,0.758,0.741,0.748,0.699,0.707,0.660,0.668,0.661,0.667,0.641,0.649,0.639,0.648
92,0.752,0.759,0.740,0.747,0.697,0.704,0.659,0.667,0.658,0.666,0.640,0.650,0.638,0.649
93,0.754,0.759,0.740,0.749,0.697,0.705,0.658,0.667,0.656,0.665,0.640,0.650,0.637,0.646
94,0.753,0.759,0.740,0.747,0.695,0.702,0.656,0.666,0.654,0.662,0.639,0.648,0.635,0.646
95,0.753,0.759,0.740,0.747,0.694,0.701,0.656,0.665,0.652,0.660,0.639,0.650,0.635,0.647
96,0.752,0.758,0.741,0.747,0.692,0.700,0.656,0.665,0.650,0.660,0.637,0.649,0.635,0.643
97,0.753,0.759,0.740,0.748,0.692,0.700,0.654,0.663,0.650,0.657,0.637,0.647,0.633,0.644
98,0.751,0.760,0.740,0.747,0.691,0.698,0.654,0.665,0.647,0.656,0.636,0.646,0.633,0.643
99,0.752,0.758,0.739,0.747,0.689,0.698,0.653,0.663,0.646,0.656,0.635,0.646,0.632,0.643
100,0.753,0.758,0.739,0.747,0.689,0.696,0.652,0.661,0.644,0.653,0.635,0.644,0.630,0.641
101,0.752,0.758,0.740,0.747,0.687,0.695,0.651,0.663,0.643,0.653,0.634,0.646,0.630,0.640
102,0.752,0.759,0.738,0.746,0.686,0.694,0.651,0.661,0.643,0.653,0.633,0.644,0.629,0.642
103,0.751,0.758,0.739,0.746,0.685,0.694,0.651,0.660,0.641,0.652,0.633,0.644,0.629,0.643
104,0.752,0.757,0.739,0.744,0.685,0.693,0.650,0.662,0.641,0.652,0.632,0.644,0.627,0.638
105,0.752,0.757,0.739,0.747,0.684,0.692,0.648,0.659,0.641,0.651,0.632,0.646,0.625,0.639
106,0.751,0.758,0.739,0.745,0.683,0.690,0.649,0.659,0.639,0.649,0.632,0.643,0.626,0.637
107,0.752,0.758,0.737,0.745,0.682,0.691,0.648,0.658,0.639,0.649,0.631,0.644,0.627,0.638
108,0.751,0.759,0.738,0.744,0.683,0.690,0.647,0.658,0.637,0.648,0.630,0.644,0.624,0.636
109,0.751,0.758,0.737,0.746,0.681,0.688,0.648,0.657,0.637,0.646,0.629,0.642,0.624,0.635
110,0.751,0.758,0.738,0.744,0.680,0.687,0.647,0.658,0.637,0.646,0.628,0.641,0.622,0.635
111,0.752,0.757,0.736,0.744,0.679,0.687,0.648,0.657,0.636,0.650,0.629,0.640,0.622,0.637
112,0.750,0.757,0.737,0.744,0.679,0.687,0.645,0.656,0.636,0.645,0.628,0.639,0.621,0.634
113,0.752,0.758,0.736,0.744,0.677,0.685,0.645,0.656,0.635,0.647,0.627,0.639,0.620,0.633
114,0.751,0.757,0.737,0.744,0.677,0.685,0.645,0.657,0.634,0.645,0.628,0.639,0.620,0.632
115,0.752,0.757,0.735,0.743,0.676,0.684,0.645,0.654,0.633,0.646,0.626,0.637,0.618,0.632
116,0.751,0.757,0.736,0.744,0.675,0.683,0.645,0.655,0.633,0.645,0.625,0.637,0.619,0.633
117,0.751,0.758,0.736,0.743,0.675,0.682,0.644,0.655,0.634,0.647,0.624,0.636,0.617,0.631
118,0.751,0.757,0.735,0.742,0.674,0.681,0.644,0.656,0.632,0.644,0.624,0.637,0.616,0.633
119,0.751,0.759,0.736,0.742,0.673,0.681,0.644,0.654,0.632,0.644,0.624,0.639,0.616,0.627
120,0.752,0.757,0.735,0.743,0.672,0.680,0.643,0.654,0.632,0.643,0.623,0.639,0.616,0.629
121,0.751,0.758,0.734,0.743,0.673,0.681,0.643,0.654,0.632,0.643,0.623,0.635,0.615,0.628
122,0.751,0.757,0.735,0.744,0.671,0.680,0.643,0.653,0.632,0.645,0.623,0.635,0.614,0.629
123,0.750,0.757,0.735,0.740,0.670,0.680,0.643,0.654,0.630,0.643,0.621,0.634,0.612,0.627
124,0.751,0.756,0.734,0.741,0.670,0.678,0.642,0.652,0.630,0.641,0.621,0.633,0.612,0.628
125,0.751,0.757,0.735,0.742,0.669,0.678,0.642,0.652,0.630,0.641,0.621,0.633,0.611,0.628
126,0.751,0.757,0.733,0.741,0.669,0.677,0.642,0.652,0.630,0.642,0.620,0.635,0.611,0.626
127,0.751,0.757,0.734,0.741,0.668,0.677,0.641,0.653,0.630,0.641,0.619,0.633,0.611,0.627
128,0.750,0.757,0.734,0.741,0.668,0.676,0.641,0.651,0.629,0.640,0.619,0.634,0.611,0.626
129,0.751,0.756,0.733,0.742,0.668,0.676,0.641,0.652,0.628,0.640,0.619,0.632,0.611,0.626
130,0.750,0.757,0.734,0.741,0.668,0.677,0.641,0.652,0.628,0.640,0.619,0.631,0.609,0.624
131,0.750,0.756,0.733,0.741,0.666,0.676,0.641,0.650,0.628,0.639,0.617,0.631,0.608,0.628
132,0.750,0.757,0.733,0.741,0.666,0.675,0.640,0.651,0.627,0.640,0.617,0.633,0.608,0.624
133,0.750,0.756,0.733,0.742,0.667,0.676,0.640,0.650,0.627,0.640,0.618,0.630,0.608,0.623
134,0.751,0.756,0.732,0.740,0.666,0.676,0.639,0.652,0.627,0.639,0.616,0.630,0.607,0.622
135,0.750,0.757,0.732,0.740,0.667,0.675,0.639,0.650,0.627,0.639,0.615,0.631,0.607,0.623
136,0.750,0.757,0.732,0.738,0.666,0.674,0.639,0.650,0.626,0.640,0.616,0.632,0.606,0.622
137,0.751,0.756,0.732,0.739,0.665,0.674,0.639,0.651,0.626,0.638,0.615,0.629,0.606,0.622
138,0.750,0.757,0.732,0.740,0.665,0.675,0.639,0.650,0.625,0.638,0.614,0.629,0.605,0.623
139,0.750,0.757,0.732,0.740,0.665,0.674,0.639,0.649,0.625,0.640,0.614,0.629,0.603,0.621
140,0.750,0.757,0.731,0.738,0.665,0.675,0.639,0.649,0.626,0.638,0.613,0.628,0.603,0.621
141,0.751,0.756,0.732,0.739,0.664,0.674,0.638,0.650,0.624,0.638,0.614,0.629,0.604,0.622
142,0.750,0.756,0.732,0.739,0.664,0.674,0.639,0.649,0.624,0.639,0.611,0.628,0.602,0.622
143,0.749,0.756,0.732,0.738,0.664,0.674,0.638,0.649,0.624,0.638,0.612,0.629,0.603,0.623
144,0.749,0.756,0.731,0.739,0.664,0.673,0.638,0.649,0.624,0.637,0.612,0.626,0.601,0.621
145,0.751,0.757,0.731,0.739,0.664,0.673,0.637,0.649,0.623,0.637,0.611,0.629,0.602,0.620
146,0.750,0.756,0.731,0.737,0.664,0.673,0.638,0.648,0.623,0.637,0.612,0.627,0.600,0.621
147,0.750,0.756,0.731,0.738,0.664,0.672,0.636,0.648,0.624,0.638,0.610,0.630,0.600,0.618
148,0.750,0.756,0.731,0.738,0.663,0.673,0.637,0.649,0.623,0.636,0.610,0.630,0.601,0.618
149,0.750,0.757,0.731,0.737,0.663,0.671,0.637,0.648,0.622,0.636,0.610,0.627,0.600,0.620
150,0.749,0.756,0.731,0.738,0.663,0.671,0.636,0.648,0.622,0.637,0.609,0.627,0.599,0.619
151,0.749,0.755,0.730,0.738,0.663,0.672,0.636,0.648,0.621,0.638,0.609,0.627,0.598,0.617
152,0.749,0.756,0.730,0.737,0.663,0.672,0.637,0.649,0.620,0.637,0.608,0.625,0.599,0.619
153,0.749,0.756,0.730,0.737,0.662,0.670,0.636,0.649,0.622,0.635,0.610,0.626,0.598,0.620
154,0.750,0.756,0.730,0.737,0.663,0.671,0.636,0.646,0.621,0.638,0.608,0.626,0.596,0.619
155,0.750,0.756,0.730,0.738,0.663,0.671,0.635,0.647,0.620,0.635,0.609,0.625,0.597,0.616
156,0.749,0.757,0.731,0.735,0.664,0.671,0.636,0.647,0.621,0.636,0.607,0.626,0.597,0.617
157,0.749,0.756,0.730,0.737,0.662,0.671,0.636,0.647,0.620,0.637,0.607,0.626,0.597,0.617
158,0.749,0.755,0.730,0.737,0.662,0.673,0.636,0.647,0.620,0.635,0.608,0.625,0.596,0.617
159,0.750,0.757,0.730,0.737,0.662,0.672,0.636,0.646,0.620,0.634,0.607,0.625,0.595,0.618
160,0.749,0.756,0.729,0.736,0.662,0.671,0.635,0.645,0.619,0.634,0.606,0.623,0.595,0.618
161,0.750,0.755,0.730,0.737,0.661,0.670,0.634,0.648,0.619,0.635,0.606,0.623,0.594,0.616
162,0.749,0.757,0.730,0.737,0.662,0.669,0.634,0.646,0.619,0.635,0.606,0.623,0.594,0.616
163,0.749,0.756,0.730,0.736,0.661,0.670,0.634,0.647,0.619,0.634,0.606,0.624,0.594,0.619
164,0.750,0.756,0.729,0.735,0.662,0.671,0.634,0.647,0.619,0.634,0.606,0.622,0.594,0.616
165,0.749,0.756,0.729,0.736,0.661,0.670,0.635,0.646,0.619,0.634,0.605,0.623,0.592,0.616
166,0.749,0.756,0.729,0.735,0.661,0.670,0.634,0.645,0.619,0.634,0.604,0.625,0.592,0.616
167,0.750,0.756,0.729,0.736,0.661,0.671,0.634,0.646,0.618,0.633,0.604,0.623,0.591,0.615
168,0.750,0.756,0.728,0.735,0.661,0.670,0.634,0.646,0.618,0.633,0.604,0.622,0.592,0.616
169,0.749,0.756,0.727,0.736,0.662,0.670,0.634,0.645,0.618,0.633,0.603,0.623,0.592,0.616
170,0.749,0.756,0.727,0.736,0.660,0.671,0.634,0.647,0.617,0.633,0.603,0.623,0.591,0.616
171,0.750,0.756,0.728,0.735,0.661,0.669,0.635,0.645,0.617,0.637,0.603,0.622,0.590,0.615
172,0.750,0.755,0.728,0.734,0.661,0.670,0.633,0.645,0.617,0.633,0.603,0.622,0.591,0.618
173,0.749,0.756,0.726,0.735,0.661,0.670,0.634,0.644,0.617,0.634,0.603,0.621,0.590,0.614
174,0.749,0.756,0.727,0.734,0.661,0.670,0.634,0.644,0.617,0.633,0.602,0.624,0.590,0.616
175,0.749,0.755,0.727,0.734,0.660,0.669,0.633,0.648,0.616,0.632,0.603,0.623,0.590,0.614
176,0.749,0.757,0.727,0.734,0.660,0.670,0.635,0.645,0.617,0.633,0.602,0.621,0.589,0.615
177,0.749,0.756,0.726,0.734,0.660,0.670,0.633,0.646,0.617,0.632,0.602,0.622,0.589,0.614
178,0.749,0.756,0.727,0.734,0.661,0.670,0.633,0.644,0.616,0.632,0.602,0.622,0.588,0.614
179,0.749,0.755,0.727,0.733,0.659,0.669,0.633,0.645,0.616,0.631,0.602,0.622,0.588,0.613
180,0.749,0.756,0.727,0.733,0.660,0.668,0.633,0.644,0.615,0.631,0.602,0.622,0.587,0.614
181,0.749,0.755,0.726,0.734,0.658,0.669,0.632,0.645,0.616,0.632,0.601,0.621,0.586,0.614
182,0.749,0.755,0.726,0.733,0.660,0.668,0.632,0.644,0.615,0.631,0.600,0.622,0.586,0.616
183,0.750,0.757,0.727,0.733,0.659,0.668,0.633,0.644,0.615,0.631,0.601,0.622,0.587,0.613
184,0.748,0.754,0.726,0.733,0.660,0.668,0.632,0.645,0.614,0.634,0.602,0.619,0.586,0.612
185,0.749,0.756,0.726,0.734,0.659,0.668,0.633,0.644,0.614,0.632,0.599,0.622,0.586,0.613
186,0.749,0.755,0.727,0.733,0.658,0.669,0.632,0.643,0.614,0.632,0.600,0.620,0.586,0.616
187,0.749,0.756,0.727,0.734,0.659,0.667,0.632,0.644,0.615,0.631,0.600,0.620,0.586,0.613
188,0.748,0.757,0.726,0.733,0.659,0.669,0.632,0.646,0.615,0.631,0.599,0.620,0.585,0.613
189,0.749,0.756,0.726,0.733,0.659,0.669,0.633,0.643,0.615,0.630,0.600,0.619,0.584,0.612
190,0.748,0.757,0.727,0.732,0.660,0.668,0.631,0.644,0.614,0.630,0.599,0.621,0.584,0.612
191,0.749,0.756,0.726,0.732,0.659,0.668,0.632,0.644,0.614,0.632,0.600,0.620,0.583,0.613
192,0.749,0.756,0.726,0.732,0.659,0.667,0.632,0.644,0.615,0.631,0.599,0.619,0.583,0.613
193,0.748,0.755,0.725,0.732,0.659,0.669,0.631,0.642,0.613,0.629,0.599,0.620,0.583,0.613
194,0.748,0.756,0.725,0.732,0.658,0.668,0.632,0.644,0.613,0.630,0.598,0.620,0.582,0.613
195,0.748,0.757,0.725,0.732,0.659,0.667,0.632,0.643,0.613,0.630,0.598,0.619,0.582,0.612
196,0.748,0.755,0.726,0.732,0.658,0.667,0.631,0.643,0.613,0.630,0.598,0.620,0.582,0.616
197,0.749,0.756,0.724,0.731,0.659,0.667,0.631,0.642,0.614,0.630,0.598,0.619,0.581,0.613
198,0.749,0.756,0.725,0.732,0.658,0.668,0.632,0.642,0.613,0.629,0.597,0.620,0.581,0.613
199,0.749,0.756,0.725,0.733,0.660,0.669,0.632,0.642,0.614,0.630,0.597,0.620,0.582,0.612
200,0.749,0.755,0.724,0.731,0.657,0.668,0.632,0.643,0.612,0.631,0.596,0.620,0.581,0.612
201,0.748,0.755,0.724,0.732,0.659,0.667,0.632,0.643,0.612,0.630,0.598,0.619,0.580,0.614
202,0.749,0.755,0.724,0.732,0.659,0.667,0.632,0.642,0.614,0.631,0.597,0.618,0.580,0.612
203,0.749,0.756,0.724,0.732,0.658,0.667,0.630,0.645,0.613,0.630,0.596,0.618,0.580,0.612
204,0.749,0.756,0.725,0.732,0.658,0.667,0.630,0.641,0.612,0.633,0.597,0.619,0.579,0.612
205,0.749,0.755,0.725,0.730,0.657,0.668,0.631,0.643,0.612,0.630,0.596,0.619,0.578,0.617
206,0.748,0.756,0.725,0.731,0.658,0.667,0.631,0.643,0.612,0.630,0.597,0.623,0.579,0.611
207,0.749,0.756,0.724,0.732,0.659,0.667,0.631,0.642,0.612,0.629,0.597,0.619,0.578,0.612
208,0.748,0.755,0.723,0.730,0.657,0.667,0.630,0.642,0.612,0.629,0.596,0.617,0.578,0.610
209,0.749,0.755,0.724,0.731,0.659,0.668,0.630,0.643,0.612,0.630,0.595,0.619,0.578,0.613
210,0.749,0.755,0.723,0.731,0.657,0.667,0.631,0.643,0.612,0.629,0.595,0.617,0.578,0.612
211,0.748,0.756,0.724,0.730,0.658,0.667,0.630,0.643,0.611,0.630,0.595,0.619,0.577,0.613
212,0.748,0.755,0.724,0.731,0.657,0.667,0.630,0.641,0.612,0.629,0.594,0.620,0.576,0.610
213,0.749,0.757,0.723,0.731,0.657,0.667,0.631,0.642,0.611,0.629,0.595,0.618,0.576,0.610
214,0.749,0.756,0.723,0.731,0.656,0.667,0.630,0.641,0.611,0.629,0.594,0.618,0.576,0.612
215,0.748,0.755,0.723,0.730,0.657,0.667,0.631,0.642,0.610,0.631,0.594,0.620,0.576,0.613
216,0.750,0.755,0.723,0.731,0.656,0.666,0.630,0.641,0.613,0.631,0.595,0.617,0.575,0.612
217,0.749,0.757,0.722,0.731,0.657,0.666,0.630,0.641,0.612,0.630,0.594,0.617,0.576,0.612
218,0.749,0.755,0.723,0.730,0.657,0.667,0.630,0.642,0.611,0.628,0.593,0.618,0.574,0.611
219,0.748,0.756,0.722,0.730,0.657,0.667,0.631,0.642,0.611,0.629,0.594,0.617,0.576,0.613
220,0.748,0.755,0.724,0.729,0.657,0.667,0.630,0.641,0.611,0.628,0.593,0.618,0.575,0.611
221,0.749,0.755,0.724,0.731,0.657,0.667,0.630,0.640,0.611,0.629,0.592,0.618,0.575,0.611
222,0.748,0.756,0.723,0.729,0.657,0.666,0.629,0.640,0.611,0.630,0.592,0.618,0.574,0.612
223,0.749,0.755,0.723,0.730,0.657,0.665,0.630,0.641,0.610,0.629,0.592,0.618,0.574,0.611
224,0.749,0.755,0.724,0.729,0.656,0.666,0.630,0.640,0.611,0.629,0.593,0.617,0.574,0.612
225,0.748,0.756,0.723,0.730,0.656,0.666,0.629,0.641,0.611,0.628,0.593,0.617,0.575,0.611
226,0.748,0.755,0.723,0.730,0.656,0.665,0.630,0.641,0.610,0.629,0.592,0.618,0.572,0.613
227,0.748,0.755,0.722,0.729,0.656,0.667,0.630,0.641,0.610,0.628,0.591,0.622,0.572,0.611
228,0.748,0.756,0.723,0.728,0.657,0.665,0.629,0.641,0.612,0.627,0.594,0.616,0.572,0.611
229,0.748,0.757,0.722,0.730,0.656,0.667,0.629,0.643,0.609,0.629,0.592,0.617,0.571,0.611
230,0.748,0.755,0.722,0.729,0.657,0.666,0.630,0.640,0.612,0.628,0.592,0.617,0.572,0.611
231,0.748,0.754,0.724,0.729,0.656,0.666,0.630,0.642,0.609,0.627,0.592,0.619,0.571,0.611
232,0.748,0.757,0.722,0.729,0.656,0.664,0.630,0.640,0.611,0.628,0.591,0.616,0.571,0.612
233,0.747,0.755,0.723,0.729,0.655,0.665,0.630,0.641,0.610,0.628,0.591,0.618,0.571,0.610
234,0.748,0.754,0.723,0.728,0.656,0.665,0.628,0.640,0.610,0.627,0.592,0.617,0.570,0.613
235,0.749,0.755,0.721,0.729,0.656,0.665,0.629,0.640,0.610,0.629,0.591,0.617,0.572,0.612
236,0.748,0.756,0.722,0.729,0.655,0.665,0.628,0.641,0.609,0.628,0.591,0.618,0.571,0.612
237,0.748,0.755,0.722,0.728,0.656,0.663,0.630,0.641,0.609,0.628,0.591,0.617,0.570,0.611
238,0.748,0.755,0.722,0.730,0.655,0.664,0.629,0.641,0.609,0.629,0.590,0.617,0.571,0.610
239,0.748,0.754,0.721,0.730,0.656,0.664,0.629,0.641,0.609,0.628,0.591,0.618,0.570,0.612
240,0.748,0.757,0.722,0.729,0.656,0.663,0.629,0.640,0.609,0.628,0.591,0.621,0.570,0.614
241,0.747,0.756,0.721,0.728,0.655,0.665,0.627,0.641,0.608,0.627,0.590,0.616,0.569,0.611
242,0.748,0.754,0.721,0.728,0.656,0.666,0.629,0.642,0.610,0.628,0.590,0.616,0.570,0.612
243,0.748,0.757,0.722,0.729,0.655,0.666,0.628,0.640,0.608,0.627,0.589,0.616,0.568,0.613
244,0.749,0.755,0.722,0.729,0.655,0.667,0.628,0.642,0.609,0.627,0.590,0.615,0.569,0.612
245,0.748,0.756,0.721,0.729,0.656,0.665,0.627,0.640,0.609,0.628,0.590,0.616,0.570,0.612
246,0.748,0.755,0.722,0.727,0.654,0.664,0.629,0.641,0.609,0.627,0.589,0.615,0.568,0.612
247,0.748,0.754,0.721,0.729,0.655,0.665,0.629,0.640,0.609,0.627,0.590,0.617,0.568,0.615
248,0.748,0.755,0.720,0.728,0.656,0.664,0.628,0.639,0.608,0.627,0.589,0.617,0.568,0.617
249,0.748,0.755,0.720,0.729,0.655,0.664,0.629,0.640,0.609,0.627,0.589,0.617,0.568,0.611
250,0.749,0.754,0.722,0.728,0.655,0.664,0.628,0.640,0.609,0.627,0.589,0.618,0.567,0.612
251,0.747,0.755,0.722,0.729,0.654,0.664,0.629,0.640,0.609,0.627,0.589,0.616,0.568,0.613
252,0.747,0.755,0.722,0.728,0.655,0.664,0.628,0.640,0.609,0.627,0.590,0.615,0.568,0.612
253,0.747,0.755,0.722,0.727,0.655,0.664,0.628,0.641,0.609,0.629,0.588,0.616,0.567,0.612
254,0.749,0.756,0.721,0.729,0.656,0.663,0.627,0.640,0.609,0.626,0.589,0.619,0.566,0.612
255,0.748,0.755,0.721,0.728,0.655,0.665,0.628,0.639,0.608,0.627,0.588,0.616,0.567,0.614
256,0.748,0.754,0.721,0.728,0.653,0.664,0.627,0.639,0.608,0.627,0.588,0.616,0.566,0.612
257,0.748,0.755,0.721,0.727,0.655,0.664,0.628,0.639,0.609,0.628,0.589,0.615,0.566,0.612
258,0.748,0.755,0.721,0.727,0.654,0.663,0.628,0.640,0.609,0.627,0.588,0.617,0.566,0.614
259,0.748,0.754,0.721,0.729,0.654,0.664,0.628,0.644,0.609,0.627,0.588,0.614,0.565,0.612
260,0.748,0.754,0.721,0.728,0.654,0.663,0.628,0.639,0.609,0.626,0.588,0.616,0.565,0.613
261,0.748,0.755,0.721,0.728,0.656,0.664,0.627,0.640,0.608,0.626,0.587,0.616,0.566,0.615
262,0.748,0.755,0.721,0.728,0.654,0.664,0.627,0.639,0.609,0.626,0.588,0.615,0.566,0.613
263,0.748,0.756,0.721,0.727,0.653,0.664,0.628,0.639,0.609,0.628,0.587,0.616,0.565,0.611
264,0.747,0.755,0.720,0.727,0.653,0.662,0.627,0.639,0.608,0.626,0.587,0.615,0.565,0.614
265,0.749,0.754,0.721,0.727,0.655,0.663,0.628,0.640,0.608,0.629,0.587,0.615,0.564,0.614
266,0.748,0.755,0.719,0.727,0.654,0.663,0.628,0.639,0.608,0.628,0.588,0.616,0.565,0.614
267,0.749,0.754,0.720,0.727,0.654,0.664,0.627,0.641,0.607,0.626,0.587,0.616,0.563,0.612
268,0.747,0.757,0.720,0.727,0.654,0.663,0.627,0.639,0.608,0.626,0.586,0.615,0.563,0.613
269,0.748,0.755,0.721,0.727,0.653,0.664,0.626,0.638,0.608,0.626,0.588,0.617,0.563,0.613
270,0.748,0.754,0.721,0.726,0.653,0.663,0.627,0.639,0.608,0.626,0.587,0.615,0.564,0.613
271,0.748,0.755,0.721,0.728,0.654,0.663,0.627,0.639,0.608,0.628,0.586,0.614,0.563,0.615
272,0.748,0.755,0.720,0.727,0.653,0.664,0.627,0.638,0.609,0.627,0.587,0.615,0.563,0.614
273,0.748,0.754,0.720,0.728,0.654,0.663,0.627,0.640,0.607,0.627,0.586,0.616,0.563,0.613
274,0.748,0.755,0.720,0.726,0.654,0.662,0.627,0.639,0.608,0.627,0.587,0.617,0.562,0.612
275,0.747,0.755,0.720,0.728,0.653,0.663,0.627,0.637,0.609,0.626,0.588,0.615,0.563,0.615
276,0.748,0.755,0.720,0.727,0.654,0.662,0.627,0.638,0.607,0.627,0.586,0.615,0.564,0.613
277,0.748,0.754,0.720,0.728,0.653,0.663,0.627,0.639,0.607,0.625,0.586,0.616,0.563,0.613
278,0.748,0.754,0.720,0.727,0.654,0.662,0.626,0.639,0.607,0.628,0.586,0.615,0.563,0.617
279,0.747,0.754,0.722,0.726,0.655,0.664,0.626,0.639,0.606,0.626,0.586,0.615,0.563,0.616
280,0.749,0.755,0.720,0.726,0.653,0.662,0.627,0.638,0.608,0.626,0.586,0.620,0.562,0.613
281,0.748,0.755,0.720,0.727,0.653,0.663,0.627,0.637,0.607,0.626,0.586,0.615,0.562,0.614
282,0.748,0.755,0.719,0.728,0.654,0.663,0.627,0.639,0.607,0.627,0.586,0.615,0.563,0.615
283,0.748,0.755,0.719,0.725,0.653,0.662,0.627,0.638,0.607,0.626,0.586,0.616,0.562,0.613
284,0.747,0.754,0.719,0.726,0.655,0.662,0.627,0.639,0.607,0.627,0.585,0.615,0.561,0.614
285,0.748,0.754,0.719,0.728,0.654,0.661,0.626,0.639,0.608,0.627,0.584,0.615,0.561,0.616
286,0.748,0.754,0.719,0.726,0.653,0.663,0.626,0.639,0.608,0.625,0.584,0.620,0.561,0.616
287,0.749,0.754,0.720,0.727,0.654,0.663,0.627,0.639,0.608,0.626,0.586,0.616,0.561,0.614
288,0.748,0.754,0.720,0.726,0.652,0.663,0.626,0.640,0.608,0.626,0.585,0.619,0.560,0.615
289,0.749,0.754,0.720,0.726,0.653,0.662,0.627,0.640,0.607,0.626,0.584,0.616,0.560,0.614
290,0.748,0.755,0.720,0.725,0.653,0.662,0.626,0.637,0.607,0.625,0.585,0.616,0.560,0.615
291,0.748,0.754,0.721,0.727,0.653,0.663,0.626,0.638,0.606,0.625,0.585,0.615,0.561,0.615
292,0.748,0.755,0.720,0.726,0.653,0.663,0.627,0.637,0.607,0.626,0.585,0.617,0.560,0.614
293,0.748,0.755,0.720,0.726,0.654,0.663,0.626,0.638,0.606,0.626,0.585,0.615,0.560,0.614
294,0.748,0.754,0.719,0.726,0.653,0.662,0.627,0.638,0.607,0.626,0.584,0.615,0.559,0.615
295,0.747,0.754,0.718,0.726,0.653,0.663,0.626,0.638,0.606,0.625,0.584,0.615,0.560,0.616
296,0.747,0.754,0.720,0.727,0.652,0.661,0.627,0.638,0.607,0.625,0.584,0.615,0.560,0.614
297,0.748,0.755,0.720,0.726,0.653,0.662,0.627,0.637,0.607,0.625,0.584,0.616,0.560,0.614
298,0.748,0.754,0.718,0.727,0.653,0.662,0.627,0.637,0.607,0.625,0.584,0.617,0.559,0.615
299,0.748,0.755,0.719,0.726,0.653,0.663,0.626,0.638,0.607,0.626,0.584,0.618,0.559,0.613
300,0.749,0.754,0.719,0.726,0.653,0.662,0.627,0.639,0.607,0.627,0.585,0.617,0.559,0.615
301,0.748,0.754,0.719,0.725,0.652,0.661,0.626,0.638,0.606,0.626,0.584,0.617,0.558,0.615
302,0.748,0.755,0.719,0.727,0.652,0.663,0.627,0.637,0.606,0.625,0.584,0.620,0.558,0.618
303,0.748,0.755,0.720,0.725,0.652,0.662,0.627,0.639,0.606,0.625,0.584,0.617,0.558,0.616
304,0.748,0.754,0.719,0.727,0.652,0.662,0.626,0.637,0.608,0.625,0.583,0.617,0.559,0.617
305,0.748,0.755,0.718,0.725,0.652,0.662,0.626,0.637,0.607,0.627,0.584,0.616,0.559,0.616
306,0.748,0.756,0.718,0.726,0.652,0.663,0.626,0.639,0.607,0.625,0.585,0.615,0.559,0.617
307,0.748,0.756,0.718,0.727,0.653,0.663,0.626,0.637,0.606,0.627,0.584,0.616,0.558,0.615
308,0.749,0.754,0.719,0.725,0.651,0.662,0.626,0.640,0.606,0.625,0.583,0.619,0.559,0.619
309,0.748,0.755,0.718,0.725,0.653,0.662,0.626,0.638,0.606,0.626,0.583,0.615,0.558,0.615
310,0.747,0.754,0.718,0.726,0.652,0.662,0.626,0.638,0.606,0.626,0.584,0.615,0.558,0.615
311,0.748,0.754,0.718,0.725,0.653,0.661,0.625,0.639,0.607,0.625,0.583,0.616,0.558,0.617
312,0.747,0.755,0.718,0.726,0.653,0.662,0.625,0.637,0.606,0.625,0.584,0.616,0.557,0.616
313,0.747,0.754,0.719,0.725,0.653,0.663,0.625,0.637,0.606,0.625,0.583,0.616,0.556,0.615
314,0.748,0.754,0.718,0.725,0.653,0.662,0.626,0.637,0.607,0.625,0.583,0.615,0.557,0.614
315,0.748,0.755,0.718,0.725,0.652,0.661,0.627,0.637,0.606,0.625,0.583,0.616,0.558,0.616
316,0.748,0.755,0.718,0.725,0.652,0.662,0.627,0.638,0.606,0.624,0.583,0.618,0.558,0.618
317,0.748,0.754,0.718,0.724,0.652,0.661,0.625,0.637,0.605,0.625,0.582,0.616,0.556,0.616
318,0.747,0.754,0.718,0.726,0.651,0.662,0.627,0.639,0.606,0.624,0.582,0.617,0.556,0.617
319,0.748,0.754,0.717,0.724,0.652,0.661,0.624,0.636,0.606,0.625,0.583,0.615,0.558,0.616
320,0.748,0.754,0.718,0.726,0.652,0.661,0.626,0.639,0.606,0.624,0.584,0.616,0.558,0.617
321,0.747,0.755,0.717,0.725,0.651,0.663,0.626,0.637,0.606,0.625,0.582,0.616,0.556,0.616
322,0.748,0.756,0.718,0.724,0.652,0.661,0.625,0.637,0.605,0.626,0.582,0.617,0.556,0.617
323,0.748,0.754,0.718,0.725,0.653,0.660,0.626,0.637,0.605,0.624,0.581,0.616,0.556,0.619
324,0.748,0.754,0.719,0.724,0.652,0.661,0.626,0.637,0.606,0.626,0.583,0.616,0.556,0.616
325,0.747,0.755,0.717,0.724,0.652,0.660,0.625,0.637,0.605,0.627,0.583,0.617,0.556,0.617
326,0.747,0.754,0.718,0.726,0.652,0.661,0.627,0.636,0.605,0.625,0.582,0.616,0.556,0.617
327,0.747,0.755,0.719,0.725,0.653,0.663,0.625,0.637,0.606,0.625,0.582,0.617,0.556,0.617
328,0.747,0.754,0.718,0.725,0.652,0.661,0.625,0.635,0.606,0.624,0.583,0.616,0.556,0.617
329,0.748,0.754,0.718,0.725,0.652,0.662,0.625,0.636,0.606,0.624,0.583,0.616,0.556,0.617
330,0.748,0.755,0.717,0.724,0.652,0.662,0.625,0.637,0.606,0.624,0.582,0.617,0.555,0.618
331,0.747,0.754,0.717,0.724,0.652,0.662,0.625,0.638,0.605,0.625,0.582,0.615,0.557,0.618
332,0.747,0.754,0.717,0.724,0.652,0.661,0.625,0.638,0.605,0.625,0.582,0.616,0.555,0.617
333,0.747,0.754,0.717,0.725,0.652,0.660,0.624,0.636,0.606,0.624,0.581,0.617,0.555,0.617
334,0.747,0.754,0.718,0.725,0.652,0.661,0.626,0.637,0.606,0.625,0.582,0.616,0.555,0.616
335,0.747,0.753,0.717,0.725,0.652,0.660,0.625,0.639,0.605,0.625,0.581,0.615,0.555,0.617
336,0.747,0.755,0.718,0.726,0.652,0.662,0.624,0.635,0.606,0.626,0.581,0.616,0.555,0.618
337,0.747,0.755,0.717,0.726,0.652,0.661,0.625,0.637,0.605,0.624,0.582,0.617,0.554,0.618
338,0.748,0.755,0.716,0.725,0.651,0.662,0.625,0.636,0.605,0.624,0.581,0.615,0.555,0.617
339,0.748,0.754,0.717,0.724,0.651,0.662,0.625,0.636,0.604,0.623,0.582,0.615,0.556,0.619
340,0.747,0.755,0.717,0.724,0.652,0.661,0.625,0.635,0.605,0.625,0.582,0.616,0.554,0.618
341,0.746,0.753,0.717,0.725,0.653,0.662,0.625,0.636,0.606,0.627,0.582,0.619,0.554,0.619
342,0.747,0.754,0.716,0.725,0.652,0.660,0.624,0.637,0.606,0.626,0.581,0.616,0.555,0.619
343,0.749,0.755,0.718,0.724,0.652,0.660,0.625,0.636,0.606,0.624,0.581,0.616,0.554,0.618
344,0.747,0.754,0.717,0.724,0.652,0.661,0.624,0.636,0.604,0.624,0.582,0.616,0.554,0.618
345,0.747,0.754,0.716,0.724,0.651,0.660,0.624,0.636,0.605,0.624,0.581,0.616,0.554,0.618
346,0.748,0.754,0.717,0.724,0.651,0.662,0.625,0.636,0.606,0.625,0.581,0.617,0.554,0.618
347,0.747,0.755,0.716,0.724,0.651,0.660,0.626,0.636,0.604,0.624,0.582,0.616,0.554,0.619
348,0.747,0.754,0.717,0.723,0.651,0.660,0.625,0.636,0.605,0.623,0.581,0.617,0.554,0.619
349,0.747,0.753,0.717,0.725,0.651,0.661,0.625,0.637,0.605,0.625,0.582,0.616,0.553,0.619
350,0.747,0.754,0.717,0.724,0.651,0.661,0.624,0.636,0.606,0.626,0.581,0.617,0.553,0.618
351,0.747,0.755,0.716,0.724,0.651,0.660,0.626,0.639,0.606,0.624,0.581,0.619,0.553,0.619
352,0.747,0.754,0.717,0.723,0.651,0.663,0.624,0.636,0.604,0.624,0.582,0.616,0.553,0.617
353,0.748,0.756,0.717,0.723,0.651,0.660,0.624,0.635,0.605,0.624,0.580,0.615,0.552,0.618
354,0.748,0.754,0.716,0.723,0.651,0.661,0.625,0.636,0.605,0.623,0.581,0.620,0.553,0.621
355,0.747,0.752,0.716,0.723,0.651,0.661,0.624,0.637,0.606,0.628,0.582,0.616,0.553,0.618
356,0.748,0.754,0.716,0.724,0.651,0.661,0.624,0.636,0.605,0.624,0.582,0.615,0.554,0.619
357,0.747,0.755,0.716,0.723,0.651,0.660,0.625,0.636,0.604,0.624,0.581,0.616,0.553,0.619
358,0.747,0.754,0.716,0.723,0.651,0.660,0.624,0.638,0.605,0.626,0.581,0.617,0.552,0.618
359,0.748,0.753,0.717,0.724,0.651,0.661,0.625,0.637,0.605,0.625,0.581,0.616,0.553,0.620
360,0.747,0.756,0.715,0.724,0.651,0.661,0.624,0.637,0.605,0.624,0.581,0.616,0.553,0.619
361,0.749,0.756,0.717,0.723,0.651,0.660,0.624,0.636,0.604,0.624,0.580,0.616,0.552,0.619
362,0.748,0.754,0.717,0.723,0.651,0.660,0.624,0.637,0.606,0.623,0.580,0.618,0.553,0.621
363,0.748,0.755,0.716,0.723,0.651,0.659,0.623,0.635,0.605,0.624,0.581,0.617,0.552,0.618
364,0.747,0.753,0.716,0.722,0.651,0.661,0.625,0.636,0.604,0.623,0.581,0.617,0.552,0.620
365,0.748,0.754,0.715,0.723,0.651,0.661,0.625,0.636,0.604,0.624,0.579,0.616,0.553,0.620
366,0.747,0.757,0.716,0.722,0.650,0.660,0.625,0.636,0.604,0.623,0.580,0.617,0.552,0.619
367,0.747,0.755,0.716,0.722,0.651,0.660,0.624,0.637,0.604,0.624,0.580,0.616,0.551,0.620
368,0.748,0.754,0.716,0.722,0.652,0.661,0.625,0.636,0.604,0.624,0.582,0.616,0.552,0.619
369,0.747,0.755,0.715,0.723,0.651,0.660,0.623,0.635,0.604,0.624,0.580,0.616,0.551,0.621
370,0.747,0.754,0.715,0.723,0.651,0.660,0.623,0.635,0.604,0.624,0.581,0.618,0.552,0.621
371,0.746,0.755,0.716,0.722,0.650,0.660,0.624,0.636,0.605,0.622,0.580,0.620,0.552,0.620
372,0.747,0.753,0.716,0.723,0.651,0.659,0.624,0.633,0.604,0.625,0.580,0.617,0.551,0.620
373,0.747,0.755,0.716,0.724,0.651,0.660,0.623,0.635,0.605,0.625,0.580,0.616,0.552,0.619
374,0.748,0.755,0.716,0.722,0.650,0.661,0.625,0.635,0.604,0.623,0.580,0.618,0.552,0.620
375,0.747,0.754,0.717,0.721,0.651,0.660,0.624,0.635,0.604,0.623,0.579,0.616,0.552,0.620
376,0.748,0.756,0.715,0.722,0.651,0.661,0.625,0.635,0.604,0.623,0.580,0.616,0.551,0.620
377,0.748,0.754,0.715,0.722,0.651,0.661,0.624,0.635,0.605,0.624,0.579,0.616,0.552,0.620
378,0.747,0.753,0.715,0.723,0.651,0.660,0.623,0.636,0.604,0.622,0.580,0.617,0.552,0.618
379,0.747,0.753,0.715,0.722,0.650,0.659,0.624,0.634,0.604,0.623,0.579,0.616,0.551,0.620
380,0.747,0.754,0.715,0.722,0.651,0.660,0.625,0.635,0.604,0.623,0.581,0.617,0.552,0.622
381,0.747,0.754,0.714,0.723,0.650,0.660,0.624,0.637,0.603,0.623,0.581,0.616,0.551,0.620
382,0.747,0.754,0.715,0.723,0.650,0.659,0.624,0.635,0.604,0.623,0.580,0.620,0.551,0.623
383,0.748,0.754,0.715,0.723,0.651,0.659,0.624,0.635,0.603,0.623,0.580,0.617,0.551,0.620
384,0.747,0.753,0.715,0.721,0.651,0.659,0.623,0.635,0.604,0.624,0.580,0.618,0.550,0.620
385,0.747,0.754,0.715,0.721,0.651,0.660,0.623,0.635,0.603,0.622,0.579,0.616,0.551,0.620
386,0.748,0.753,0.714,0.724,0.650,0.659,0.624,0.635,0.603,0.623,0.579,0.616,0.550,0.621
387,0.748,0.753,0.715,0.721,0.651,0.660,0.624,0.636,0.604,0.623,0.580,0.617,0.550,0.619
388,0.747,0.755,0.714,0.721,0.650,0.660,0.623,0.635,0.603,0.626,0.579,0.617,0.550,0.621
389,0.748,0.755,0.715,0.721,0.650,0.659,0.623,0.635,0.604,0.625,0.579,0.617,0.550,0.621
390,0.747,0.754,0.715,0.720,0.651,0.662,0.624,0.636,0.603,0.624,0.580,0.615,0.550,0.623
391,0.747,0.753,0.714,0.721,0.651,0.660,0.622,0.635,0.605,0.623,0.580,0.617,0.551,0.620
392,0.747,0.754,0.714,0.721,0.650,0.660,0.623,0.634,0.605,0.623,0.579,0.617,0.551,0.621
393,0.747,0.755,0.714,0.721,0.650,0.660,0.625,0.637,0.602,0.622,0.578,0.617,0.549,0.621
394,0.748,0.755,0.714,0.723,0.649,0.660,0.624,0.635,0.605,0.622,0.579,0.615,0.550,0.622
395,0.747,0.754,0.713,0.721,0.650,0.661,0.624,0.635,0.604,0.624,0.579,0.617,0.550,0.619
396,0.747,0.754,0.714,0.722,0.650,0.660,0.625,0.636,0.605,0.624,0.578,0.616,0.550,0.621
397,0.747,0.754,0.715,0.722,0.650,0.659,0.624,0.635,0.603,0.625,0.579,0.616,0.550,0.621
398,0.748,0.755,0.713,0.721,0.650,0.658,0.623,0.636,0.603,0.623,0.579,0.616,0.550,0.623
399,0.747,0.754,0.714,0.720,0.650,0.659,0.624,0.636,0.603,0.622,0.578,0.617,0.550,0.621
400,0.747,0.754,0.714,0.720,0.650,0.660,0.623,0.635,0.603,0.622,0.579,0.617,0.549,0.621
401,0.746,0.754,0.713,0.721,0.650,0.658,0.624,0.636,0.603,0.623,0.579,0.618,0.550,0.622
402,0.747,0.754,0.713,0.720,0.650,0.657,0.624,0.637,0.602,0.623,0.580,0.617,0.550,0.621
403,0.747,0.754,0.713,0.721,0.649,0.658,0.623,0.636,0.602,0.626,0.579,0.617,0.549,0.621
404,0.746,0.755,0.713,0.721,0.650,0.660,0.624,0.635,0.604,0.622,0.578,0.616,0.549,0.622
405,0.747,0.754,0.713,0.720,0.650,0.659,0.624,0.634,0.603,0.624,0.579,0.616,0.549,0.621
406,0.747,0.754,0.713,0.720,0.650,0.659,0.624,0.634,0.604,0.625,0.579,0.618,0.550,0.624
407,0.747,0.754,0.713,0.720,0.650,0.659,0.623,0.633,0.603,0.622,0.579,0.616,0.548,0.621
408,0.746,0.754,0.712,0.719,0.651,0.659,0.623,0.637,0.604,0.623,0.579,0.617,0.549,0.622
409,0.747,0.754,0.712,0.719,0.651,0.660,0.623,0.634,0.604,0.622,0.579,0.616,0.549,0.628
410,0.747,0.756,0.712,0.719,0.650,0.658,0.623,0.635,0.604,0.623,0.579,0.618,0.549,0.622
411,0.747,0.754,0.712,0.719,0.649,0.660,0.624,0.637,0.603,0.623,0.579,0.616,0.548,0.623
412,0.747,0.755,0.712,0.719,0.649,0.660,0.623,0.638,0.602,0.624,0.579,0.615,0.550,0.622
413,0.747,0.753,0.712,0.719,0.650,0.658,0.622,0.635,0.603,0.623,0.579,0.617,0.548,0.622
414,0.747,0.754,0.711,0.719,0.649,0.659,0.623,0.635,0.603,0.622,0.578,0.616,0.548,0.621
415,0.747,0.754,0.712,0.720,0.650,0.659,0.623,0.635,0.603,0.623,0.580,0.620,0.548,0.623
416,0.747,0.755,0.711,0.719,0.650,0.659,0.623,0.634,0.602,0.623,0.579,0.619,0.550,0.620
417,0.746,0.753,0.710,0.719,0.650,0.659,0.622,0.634,0.603,0.622,0.578,0.619,0.548,0.623
418,0.747,0.753,0.710,0.718,0.649,0.658,0.623,0.635,0.603,0.625,0.578,0.616,0.549,0.622
419,0.747,0.755,0.710,0.718,0.649,0.660,0.623,0.634,0.604,0.624,0.578,0.618,0.548,0.622
420,0.747,0.754,0.711,0.719,0.649,0.657,0.623,0.636,0.603,0.622,0.578,0.617,0.548,0.623
421,0.747,0.754,0.711,0.719,0.650,0.658,0.623,0.634,0.602,0.622,0.578,0.617,0.548,0.623
422,0.747,0.755,0.710,0.717,0.650,0.659,0.624,0.635,0.603,0.623,0.578,0.619,0.548,0.622
423,0.747,0.754,0.710,0.717,0.649,0.659,0.623,0.634,0.603,0.622,0.577,0.616,0.549,0.622
424,0.747,0.753,0.710,0.719,0.650,0.659,0.623,0.634,0.602,0.622,0.578,0.616,0.548,0.622
425,0.747,0.755,0.709,0.718,0.649,0.658,0.623,0.634,0.602,0.622,0.578,0.617,0.547,0.626
426,0.746,0.754,0.709,0.716,0.651,0.657,0.622,0.634,0.602,0.623,0.578,0.617,0.548,0.622
427,0.747,0.754,0.709,0.716,0.650,0.659,0.623,0.634,0.603,0.621,0.578,0.616,0.548,0.623
428,0.746,0.757,0.709,0.716,0.649,0.659,0.624,0.634,0.602,0.622,0.577,0.617,0.548,0.624
429,0.747,0.753,0.709,0.717,0.650,0.659,0.623,0.635,0.603,0.623,0.578,0.618,0.547,0.622
430,0.748,0.754,0.708,0.717,0.650,0.657,0.622,0.633,0.603,0.622,0.579,0.617,0.548,0.623
431,0.747,0.752,0.708,0.716,0.650,0.658,0.623,0.635,0.601,0.622,0.579,0.619,0.547,0.623
432,0.747,0.753,0.708,0.716,0.649,0.660,0.623,0.634,0.602,0.623,0.578,0.618,0.547,0.625
433,0.747,0.753,0.707,0.716,0.649,0.658,0.622,0.634,0.602,0.623,0.578,0.617,0.547,0.625
434,0.747,0.753,0.708,0.716,0.651,0.658,0.622,0.635,0.603,0.622,0.578,0.617,0.547,0.623
435,0.748,0.756,0.707,0.715,0.649,0.659,0.623,0.634,0.603,0.622,0.579,0.620,0.547,0.623
436,0.748,0.755,0.708,0.714,0.651,0.659,0.623,0.633,0.602,0.622,0.578,0.618,0.547,0.623
437,0.748,0.756,0.706,0.715,0.649,0.658,0.622,0.635,0.603,0.623,0.578,0.617,0.547,0.623
438,0.747,0.754,0.707,0.714,0.649,0.658,0.623,0.633,0.602,0.622,0.579,0.618,0.548,0.624
439,0.747,0.755,0.706,0.714,0.650,0.659,0.622,0.633,0.602,0.622,0.577,0.616,0.547,0.627
440,0.748,0.754,0.706,0.714,0.650,0.658,0.623,0.635,0.602,0.622,0.577,0.617,0.548,0.622
441,0.748,0.754,0.706,0.714,0.649,0.658,0.622,0.634,0.602,0.624,0.577,0.617,0.547,0.623
442,0.748,0.754,0.705,0.714,0.649,0.658,0.622,0.634,0.603,0.621,0.577,0.617,0.548,0.625
443,0.747,0.754,0.705,0.716,0.649,0.658,0.623,0.633,0.602,0.622,0.577,0.616,0.548,0.623
444,0.747,0.753,0.706,0.713,0.650,0.658,0.622,0.634,0.603,0.621,0.577,0.617,0.547,0.624
445,0.747,0.754,0.705,0.714,0.649,0.658,0.623,0.634,0.601,0.622,0.578,0.617,0.547,0.624
446,0.746,0.755,0.706,0.714,0.649,0.659,0.623,0.634,0.602,0.622,0.578,0.617,0.547,0.625
447,0.746,0.754,0.705,0.713,0.650,0.659,0.622,0.633,0.602,0.622,0.578,0.618,0.547,0.623
448,0.748,0.754,0.705,0.712,0.649,0.658,0.623,0.632,0.601,0.621,0.576,0.617,0.546,0.623
449,0.747,0.753,0.705,0.713,0.649,0.659,0.622,0.634,0.602,0.621,0.578,0.618,0.547,0.624
450,0.747,0.754,0.704,0.712,0.649,0.658,0.623,0.633,0.601,0.622,0.578,0.617,0.546,0.624
451,0.747,0.754,0.704,0.712,0.649,0.660,0.622,0.633,0.603,0.621,0.578,0.617,0.547,0.623
452,0.747,0.753,0.703,0.711,0.649,0.659,0.622,0.633,0.601,0.622,0.577,0.617,0.547,0.625
453,0.747,0.754,0.703,0.712,0.649,0.657,0.622,0.634,0.601,0.623,0.578,0.617,0.545,0.624
454,0.747,0.754,0.703,0.712,0.649,0.658,0.623,0.633,0.603,0.620,0.577,0.618,0.546,0.624
455,0.747,0.756,0.703,0.712,0.650,0.658,0.622,0.632,0.602,0.623,0.578,0.618,0.546,0.626
456,0.747,0.754,0.702,0.711,0.649,0.657,0.622,0.635,0.602,0.622,0.577,0.617,0.547,0.625
457,0.747,0.753,0.704,0.711,0.649,0.658,0.622,0.635,0.602,0.623,0.577,0.617,0.547,0.624
458,0.748,0.755,0.702,0.712,0.650,0.659,0.623,0.633,0.602,0.622,0.577,0.618,0.546,0.624
459,0.747,0.753,0.702,0.713,0.648,0.658,0.622,0.634,0.601,0.622,0.576,0.619,0.547,0.625
460,0.746,0.753,0.703,0.711,0.648,0.656,0.621,0.633,0.601,0.622,0.577,0.615,0.546,0.626
461,0.748,0.754,0.703,0.710,0.650,0.659,0.622,0.634,0.602,0.621,0.576,0.619,0.546,0.625
462,0.747,0.756,0.702,0.710,0.648,0.658,0.622,0.634,0.601,0.621,0.577,0.618,0.546,0.624
463,0.747,0.753,0.702,0.711,0.650,0.658,0.622,0.635,0.602,0.620,0.577,0.617,0.547,0.624
464,0.748,0.754,0.702,0.710,0.648,0.657,0.623,0.636,0.601,0.622,0.576,0.616,0.547,0.623
465,0.747,0.753,0.704,0.712,0.650,0.658,0.622,0.632,0.601,0.624,0.577,0.616,0.545,0.624
466,0.747,0.754,0.703,0.710,0.649,0.658,0.622,0.633,0.601,0.621,0.576,0.617,0.546,0.625
467,0.747,0.753,0.702,0.710,0.649,0.658,0.622,0.635,0.601,0.623,0.577,0.617,0.546,0.625
468,0.747,0.755,0.703,0.710,0.650,0.657,0.622,0.635,0.602,0.622,0.576,0.617,0.545,0.625
469,0.747,0.754,0.702,0.710,0.650,0.659,0.622,0.634,0.602,0.621,0.578,0.622,0.546,0.626
470,0.746,0.753,0.702,0.709,0.649,0.657,0.622,0.633,0.601,0.621,0.577,0.618,0.546,0.626
471,0.748,0.754,0.702,0.710,0.649,0.658,0.621,0.632,0.601,0.622,0.577,0.618,0.546,0.625
472,0.746,0.753,0.702,0.710,0.649,0.658,0.622,0.633,0.602,0.621,0.578,0.618,0.546,0.627
473,0.746,0.754,0.702,0.709,0.649,0.658,0.622,0.633,0.601,0.621,0.577,0.618,0.547,0.625
474,0.748,0.755,0.701,0.708,0.648,0.659,0.622,0.633,0.602,0.621,0.578,0.618,0.546,0.625
475,0.746,0.753,0.701,0.710,0.649,0.657,0.622,0.633,0.601,0.622,0.577,0.618,0.545,0.627
476,0.747,0.753,0.702,0.710,0.649,0.658,0.622,0.633,0.601,0.621,0.576,0.616,0.546,0.625
477,0.747,0.756,0.701,0.710,0.649,0.657,0.621,0.635,0.602,0.620,0.576,0.617,0.546,0.626
478,0.747,0.754,0.701,0.709,0.649,0.657,0.622,0.632,0.601,0.622,0.577,0.618,0.545,0.628
479,0.747,0.753,0.701,0.710,0.649,0.658,0.621,0.633,0.600,0.621,0.577,0.618,0.545,0.626
480,0.746,0.755,0.701,0.710,0.649,0.658,0.622,0.634,0.601,0.623,0.576,0.619,0.545,0.624
481,0.747,0.755,0.701,0.709,0.649,0.660,0.622,0.633,0.601,0.623,0.577,0.619,0.545,0.626
482,0.747,0.754,0.700,0.709,0.648,0.658,0.621,0.635,0.601,0.621,0.577,0.618,0.545,0.625
483,0.747,0.754,0.702,0.709,0.649,0.659,0.622,0.633,0.600,0.621,0.576,0.621,0.545,0.626
484,0.747,0.753,0.702,0.709,0.649,0.658,0.622,0.633,0.602,0.620,0.577,0.619,0.544,0.629
485,0.748,0.753,0.702,0.712,0.649,0.660,0.622,0.634,0.601,0.620,0.576,0.620,0.546,0.629
486,0.747,0.753,0.701,0.709,0.648,0.657,0.621,0.632,0.600,0.622,0.576,0.617,0.546,0.627
487,0.747,0.753,0.701,0.709,0.648,0.658,0.622,0.634,0.601,0.621,0.576,0.618,0.546,0.626
488,0.747,0.754,0.701,0.710,0.649,0.658,0.621,0.634,0.601,0.621,0.575,0.617,0.544,0.627
489,0.747,0.753,0.701,0.708,0.649,0.657,0.621,0.632,0.600,0.621,0.577,0.618,0.545,0.625
490,0.747,0.754,0.700,0.708,0.649,0.658,0.623,0.632,0.602,0.622,0.576,0.618,0.544,0.626
491,0.747,0.754,0.701,0.710,0.648,0.657,0.621,0.632,0.601,0.622,0.576,0.618,0.545,0.626
492,0.747,0.753,0.701,0.709,0.649,0.657,0.621,0.634,0.601,0.620,0.576,0.618,0.544,0.627
493,0.748,0.753,0.701,0.710,0.648,0.658,0.622,0.632,0.601,0.621,0.577,0.621,0.545,0.628
494,0.747,0.753,0.701,0.710,0.649,0.657,0.622,0.632,0.601,0.621,0.576,0.618,0.544,0.625
495,0.747,0.754,0.701,0.709,0.649,0.657,0.621,0.633,0.601,0.620,0.576,0.619,0.544,0.626
496,0.748,0.755,0.701,0.708,0.648,0.658,0.621,0.634,0.601,0.621,0.576,0.620,0.545,0.630
497,0.747,0.754,0.700,0.708,0.648,0.657,0.621,0.633,0.601,0.621,0.577,0.618,0.544,0.627
498,0.747,0.754,0.700,0.708,0.648,0.657,0.621,0.633,0.601,0.619,0.577,0.618,0.545,0.627
499,0.746,0.754,0.700,0.709,0.649,0.657,0.621,0.632,0.600,0.622,0.576,0.617,0.545,0.629
500,0.747,0.755,0.700,0.709,0.648,0.657,0.622,0.634,0.601,0.620,0.576,0.617,0.545,0.627
501,0.748,0.754,0.700,0.709,0.649,0.657,0.621,0.633,0.602,0.623,0.575,0.619,0.545,0.627
502,0.747,0.753,0.701,0.708,0.649,0.658,0.621,0.632,0.601,0.622,0.576,0.617,0.543,0.627
503,0.747,0.754,0.700,0.708,0.649,0.656,0.621,0.632,0.601,0.621,0.576,0.619,0.544,0.626
504,0.746,0.754,0.700,0.709,0.649,0.657,0.621,0.632,0.601,0.621,0.577,0.617,0.543,0.627
505,0.747,0.753,0.700,0.708,0.648,0.658,0.621,0.632,0.600,0.621,0.576,0.617,0.545,0.626
506,0.747,0.755,0.700,0.709,0.649,0.658,0.621,0.632,0.601,0.620,0.577,0.617,0.545,0.627
507,0.747,0.754,0.701,0.708,0.648,0.657,0.621,0.633,0.601,0.620,0.577,0.616,0.545,0.627
508,0.746,0.753,0.699,0.709,0.648,0.657,0.621,0.634,0.601,0.620,0.576,0.617,0.543,0.628
509,0.747,0.754,0.700,0.709,0.649,0.657,0.622,0.636,0.601,0.619,0.577,0.617,0.545,0.626
510,0.747,0.754,0.700,0.709,0.648,0.658,0.621,0.634,0.600,0.620,0.575,0.618,0.543,0.627
511,0.746,0.756,0.699,0.708,0.649,0.657,0.620,0.632,0.600,0.621,0.576,0.618,0.544,0.626
512,0.747,0.753,0.699,0.708,0.648,0.658,0.622,0.632,0.601,0.621,0.577,0.618,0.544,0.626
513,0.746,0.754,0.700,0.709,0.649,0.660,0.621,0.633,0.600,0.619,0.576,0.617,0.546,0.627
514,0.747,0.753,0.699,0.708,0.649,0.658,0.620,0.632,0.601,0.619,0.576,0.618,0.545,0.626
515,0.747,0.754,0.700,0.708,0.648,0.657,0.621,0.632,0.600,0.622,0.576,0.618,0.543,0.627
516,0.747,0.754,0.699,0.707,0.648,0.657,0.621,0.633,0.600,0.620,0.576,0.618,0.543,0.628
517,0.745,0.754,0.699,0.708,0.648,0.656,0.620,0.632,0.601,0.623,0.576,0.617,0.543,0.628
518,0.747,0.753,0.699,0.707,0.648,0.659,0.620,0.633,0.601,0.620,0.576,0.616,0.543,0.627
519,0.747,0.754,0.699,0.708,0.648,0.658,0.621,0.633,0.601,0.619,0.576,0.619,0.544,0.627
520,0.747,0.755,0.699,0.708,0.647,0.656,0.621,0.631,0.601,0.621,0.576,0.618,0.544,0.628
521,0.746,0.753,0.701,0.710,0.648,0.656,0.621,0.632,0.599,0.620,0.577,0.619,0.543,0.628
522,0.746,0.754,0.700,0.707,0.648,0.656,0.621,0.632,0.601,0.620,0.577,0.617,0.543,0.629
523,0.746,0.754,0.700,0.708,0.648,0.656,0.621,0.633,0.600,0.620,0.577,0.619,0.544,0.627
524,0.746,0.755,0.700,0.708,0.649,0.657,0.621,0.631,0.600,0.619,0.576,0.618,0.544,0.629
525,0.747,0.754,0.700,0.708,0.648,0.656,0.621,0.633,0.600,0.620,0.576,0.618,0.542,0.630
526,0.748,0.755,0.699,0.707,0.649,0.656,0.620,0.632,0.600,0.620,0.576,0.617,0.543,0.628
527,0.747,0.753,0.700,0.708,0.649,0.659,0.622,0.633,0.600,0.620,0.576,0.618,0.544,0.627
528,0.746,0.752,0.700,0.708,0.648,0.659,0.621,0.632,0.601,0.621,0.576,0.619,0.542,0.628
529,0.746,0.753,0.699,0.708,0.648,0.657,0.620,0.632,0.600,0.620,0.576,0.620,0.543,0.632
530,0.746,0.753,0.699,0.709,0.649,0.655,0.621,0.633,0.600,0.621,0.575,0.619,0.544,0.630
531,0.746,0.753,0.700,0.707,0.648,0.657,0.621,0.635,0.600,0.619,0.575,0.617,0.544,0.630
532,0.747,0.753,0.699,0.709,0.649,0.658,0.622,0.632,0.600,0.621,0.576,0.618,0.544,0.627
533,0.748,0.754,0.700,0.709,0.648,0.659,0.621,0.633,0.600,0.622,0.575,0.618,0.543,0.627
534,0.747,0.755,0.699,0.708,0.648,0.656,0.621,0.632,0.600,0.620,0.576,0.619,0.543,0.630
535,0.747,0.754,0.699,0.707,0.647,0.656,0.621,0.633,0.600,0.619,0.575,0.618,0.543,0.630
536,0.747,0.754,0.698,0.708,0.648,0.657,0.620,0.632,0.600,0.620,0.576,0.618,0.543,0.629
537,0.747,0.754,0.699,0.708,0.648,0.656,0.621,0.631,0.600,0.623,0.576,0.617,0.543,0.628
538,0.747,0.752,0.699,0.709,0.649,0.657,0.620,0.631,0.600,0.620,0.576,0.616,0.543,0.628
539,0.746,0.753,0.700,0.709,0.649,0.656,0.621,0.635,0.600,0.620,0.575,0.618,0.544,0.629
540,0.747,0.754,0.700,0.707,0.648,0.656,0.621,0.634,0.600,0.621,0.575,0.618,0.543,0.629
541,0.746,0.753,0.699,0.706,0.647,0.658,0.620,0.631,0.600,0.620,0.576,0.617,0.543,0.630
542,0.747,0.753,0.699,0.709,0.648,0.656,0.620,0.631,0.599,0.621,0.577,0.617,0.542,0.628
543,0.746,0.755,0.698,0.707,0.648,0.658,0.621,0.632,0.599,0.621,0.576,0.617,0.544,0.628
544,0.748,0.755,0.698,0.707,0.649,0.656,0.620,0.631,0.600,0.619,0.576,0.617,0.543,0.627
545,0.747,0.754,0.700,0.706,0.648,0.658,0.621,0.632,0.600,0.620,0.575,0.617,0.542,0.628
546,0.746,0.755,0.700,0.708,0.648,0.657,0.621,0.633,0.600,0.620,0.575,0.618,0.543,0.632
547,0.747,0.753,0.698,0.708,0.647,0.656,0.622,0.631,0.599,0.620,0.576,0.620,0.542,0.630
548,0.746,0.754,0.698,0.706,0.648,0.657,0.620,0.630,0.600,0.621,0.575,0.617,0.542,0.627
549,0.746,0.755,0.699,0.709,0.647,0.659,0.620,0.633,0.599,0.620,0.576,0.618,0.543,0.628
550,0.748,0.755,0.700,0.706,0.648,0.657,0.622,0.632,0.601,0.619,0.576,0.620,0.543,0.629
551,0.747,0.755,0.699,0.708,0.648,0.656,0.620,0.634,0.599,0.618,0.575,0.619,0.542,0.629
552,0.746,0.756,0.700,0.708,0.649,0.657,0.621,0.631,0.599,0.621,0.575,0.617,0.543,0.629
553,0.746,0.753,0.699,0.708,0.648,0.656,0.621,0.631,0.599,0.619,0.575,0.617,0.542,0.630
554,0.747,0.754,0.699,0.706,0.647,0.656,0.622,0.631,0.600,0.620,0.575,0.617,0.543,0.629
555,0.747,0.754,0.698,0.708,0.648,0.656,0.621,0.631,0.600,0.620,0.576,0.618,0.542,0.629
556,0.747,0.753,0.698,0.708,0.648,0.657,0.621,0.632,0.599,0.621,0.574,0.621,0.542,0.629
557,0.747,0.754,0.698,0.707,0.648,0.657,0.620,0.631,0.599,0.620,0.576,0.618,0.543,0.629
558,0.747,0.753,0.699,0.706,0.648,0.656,0.620,0.631,0.600,0.620,0.576,0.619,0.543,0.629
559,0.747,0.753,0.699,0.708,0.647,0.656,0.621,0.632,0.600,0.619,0.576,0.618,0.542,0.628
560,0.747,0.754,0.699,0.708,0.649,0.655,0.620,0.632,0.600,0.619,0.576,0.617,0.542,0.630
561,0.747,0.753,0.698,0.707,0.648,0.657,0.620,0.631,0.599,0.620,0.575,0.618,0.542,0.629
562,0.746,0.754,0.699,0.707,0.649,0.656,0.620,0.630,0.599,0.620,0.575,0.618,0.543,0.630
563,0.747,0.753,0.698,0.707,0.648,0.656,0.620,0.631,0.600,0.619,0.575,0.617,0.541,0.630
564,0.747,0.753,0.699,0.707,0.647,0.657,0.620,0.632,0.599,0.618,0.575,0.619,0.543,0.631
565,0.747,0.754,0.699,0.706,0.648,0.656,0.620,0.631,0.600,0.619,0.575,0.618,0.542,0.630
566,0.747,0.754,0.698,0.707,0.648,0.656,0.619,0.634,0.600,0.619,0.576,0.617,0.542,0.629
567,0.747,0.755,0.698,0.706,0.648,0.656,0.621,0.632,0.600,0.621,0.576,0.617,0.542,0.629
568,0.747,0.754,0.699,0.707,0.647,0.659,0.620,0.633,0.599,0.619,0.576,0.617,0.542,0.630
569,0.746,0.754,0.699,0.708,0.648,0.656,0.620,0.630,0.599,0.620,0.575,0.618,0.542,0.630
570,0.747,0.755,0.700,0.708,0.648,0.657,0.620,0.631,0.599,0.619,0.575,0.617,0.543,0.630
571,0.748,0.757,0.699,0.707,0.648,0.657,0.620,0.632,0.601,0.620,0.575,0.618,0.542,0.631
572,0.747,0.754,0.698,0.706,0.648,0.657,0.620,0.630,0.601,0.620,0.575,0.620,0.542,0.629
573,0.747,0.754,0.699,0.706,0.647,0.656,0.620,0.634,0.600,0.619,0.575,0.618,0.543,0.630
574,0.747,0.753,0.698,0.708,0.648,0.657,0.620,0.631,0.600,0.621,0.575,0.618,0.542,0.630
575,0.747,0.754,0.699,0.706,0.648,0.658,0.620,0.631,0.599,0.624,0.574,0.618,0.541,0.630
576,0.746,0.753,0.698,0.707,0.647,0.655,0.621,0.631,0.599,0.621,0.576,0.618,0.542,0.631
577,0.747,0.755,0.699,0.707,0.647,0.658,0.620,0.631,0.600,0.618,0.574,0.619,0.543,0.631
578,0.746,0.754,0.699,0.707,0.648,0.657,0.620,0.631,0.599,0.618,0.574,0.617,0.542,0.629
579,0.746,0.753,0.699,0.707,0.647,0.655,0.620,0.631,0.599,0.619,0.574,0.618,0.542,0.629
580,0.747,0.753,0.698,0.708,0.649,0.656,0.620,0.631,0.599,0.618,0.575,0.619,0.543,0.629
581,0.746,0.754,0.698,0.708,0.648,0.656,0.620,0.633,0.599,0.618,0.576,0.619,0.542,0.629
582,0.746,0.753,0.699,0.707,0.647,0.658,0.621,0.631,0.599,0.620,0.574,0.618,0.541,0.633
583,0.747,0.755,0.698,0.706,0.648,0.656,0.620,0.631,0.598,0.620,0.574,0.618,0.543,0.631
584,0.747,0.754,0.698,0.708,0.648,0.657,0.619,0.631,0.599,0.619,0.574,0.617,0.541,0.629
585,0.747,0.755,0.698,0.709,0.647,0.656,0.620,0.630,0.598,0.619,0.574,0.618,0.541,0.630
586,0.746,0.753,0.698,0.706,0.648,0.656,0.619,0.631,0.600,0.620,0.575,0.619,0.542,0.630
587,0.746,0.753,0.699,0.708,0.648,0.657,0.620,0.632,0.600,0.619,0.575,0.618,0.541,0.630
588,0.746,0.753,0.699,0.708,0.648,0.657,0.619,0.630,0.599,0.619,0.575,0.617,0.541,0.629
589,0.747,0.753,0.698,0.707,0.647,0.657,0.619,0.630,0.599,0.620,0.576,0.619,0.542,0.632
590,0.747,0.754,0.698,0.707,0.647,0.657,0.620,0.630,0.599,0.619,0.574,0.618,0.541,0.629
591,0.747,0.754,0.698,0.707,0.647,0.658,0.620,0.631,0.600,0.618,0.574,0.616,0.541,0.631
592,0.747,0.754,0.699,0.707,0.648,0.656,0.620,0.631,0.599,0.620,0.575,0.619,0.541,0.631
593,0.747,0.753,0.698,0.707,0.648,0.656,0.620,0.631,0.599,0.619,0.575,0.618,0.541,0.630
594,0.747,0.755,0.699,0.706,0.647,0.656,0.619,0.631,0.601,0.620,0.575,0.618,0.541,0.631
595,0.748,0.753,0.699,0.707,0.647,0.655,0.619,0.631,0.599,0.620,0.574,0.620,0.541,0.630
596,0.747,0.754,0.698,0.707,0.647,0.657,0.620,0.634,0.599,0.620,0.575,0.617,0.541,0.629
597,0.747,0.753,0.698,0.707,0.647,0.655,0.620,0.630,0.598,0.619,0.575,0.618,0.541,0.631
598,0.747,0.754,0.698,0.707,0.649,0.659,0.620,0.630,0.600,0.619,0.574,0.618,0.540,0.630
599,0.746,0.754,0.699,0.707,0.648,0.656,0.619,0.630,0.599,0.619,0.574,0.618,0.542,0.630
600,0.746,0.753,0.699,0.708,0.647,0.656,0.620,0.630,0.599,0.620,0.575,0.617,0.540,0.630
601,0.746,0.754,0.699,0.706,0.648,0.656,0.619,0.633,0.599,0.619,0.574,0.617,0.541,0.630
602,0.747,0.752,0.698,0.706,0.648,0.657,0.619,0.629,0.598,0.618,0.574,0.618,0.541,0.632
603,0.747,0.754,0.699,0.707,0.648,0.658,0.619,0.630,0.600,0.619,0.573,0.618,0.541,0.632
604,0.747,0.754,0.699,0.705,0.648,0.659,0.620,0.631,0.598,0.620,0.575,0.620,0.541,0.630
605,0.746,0.754,0.697,0.706,0.647,0.656,0.620,0.631,0.598,0.619,0.575,0.620,0.542,0.632
606,0.746,0.755,0.698,0.706,0.647,0.657,0.620,0.630,0.599,0.620,0.574,0.620,0.540,0.631
607,0.747,0.753,0.699,0.707,0.647,0.657,0.619,0.631,0.599,0.621,0.574,0.618,0.541,0.629
608,0.746,0.755,0.698,0.707,0.647,0.655,0.620,0.630,0.598,0.622,0.575,0.619,0.542,0.631
609,0.747,0.754,0.699,0.707,0.647,0.655,0.620,0.632,0.599,0.619,0.573,0.620,0.542,0.629
610,0.747,0.754,0.698,0.705,0.647,0.662,0.619,0.630,0.599,0.619,0.575,0.619,0.541,0.632
611,0.747,0.753,0.699,0.706,0.647,0.656,0.619,0.631,0.600,0.620,0.574,0.617,0.541,0.632
612,0.747,0.753,0.699,0.708,0.647,0.656,0.619,0.631,0.599,0.619,0.574,0.618,0.540,0.632
613,0.746,0.753,0.698,0.707,0.647,0.655,0.619,0.631,0.599,0.619,0.575,0.618,0.541,0.631
614,0.746,0.753,0.698,0.706,0.648,0.656,0.619,0.631,0.598,0.620,0.573,0.618,0.540,0.632
615,0.746,0.753,0.698,0.707,0.648,0.656,0.619,0.632,0.599,0.621,0.575,0.618,0.541,0.631
616,0.746,0.754,0.699,0.707,0.648,0.656,0.619,0.631,0.598,0.619,0.573,0.618,0.540,0.631
617,0.747,0.754,0.697,0.709,0.647,0.657,0.618,0.630,0.598,0.619,0.574,0.617,0.541,0.631
618,0.746,0.755,0.699,0.706,0.647,0.657,0.619,0.630,0.599,0.619,0.573,0.619,0.541,0.631
619,0.747,0.754,0.697,0.706,0.647,0.656,0.619,0.630,0.599,0.620,0.573,0.618,0.541,0.631
620,0.746,0.754,0.698,0.707,0.647,0.655,0.620,0.632,0.599,0.619,0.574,0.619,0.540,0.633
621,0.747,0.754,0.698,0.707,0.647,0.656,0.619,0.630,0.599,0.619,0.575,0.618,0.541,0.632
622,0.746,0.754,0.698,0.706,0.647,0.657,0.619,0.633,0.600,0.619,0.574,0.621,0.541,0.632
623,0.746,0.753,0.698,0.706,0.648,0.656,0.619,0.630,0.600,0.619,0.574,0.619,0.541,0.631
624,0.746,0.754,0.699,0.707,0.647,0.657,0.620,0.634,0.599,0.619,0.574,0.620,0.541,0.631
625,0.747,0.754,0.698,0.709,0.647,0.656,0.619,0.631,0.599,0.620,0.574,0.620,0.540,0.632
626,0.746,0.755,0.699,0.706,0.647,0.657,0.619,0.631,0.600,0.619,0.574,0.618,0.541,0.631
627,0.747,0.753,0.699,0.706,0.648,0.655,0.620,0.634,0.599,0.620,0.574,0.618,0.540,0.634
628,0.747,0.753,0.698,0.707,0.647,0.655,0.619,0.630,0.599,0.618,0.573,0.618,0.540,0.630
629,0.746,0.755,0.699,0.707,0.648,0.658,0.619,0.630,0.599,0.622,0.574,0.619,0.540,0.632
630,0.746,0.755,0.698,0.706,0.647,0.655,0.619,0.632,0.598,0.618,0.574,0.618,0.541,0.632
631,0.747,0.754,0.698,0.706,0.647,0.655,0.620,0.630,0.598,0.618,0.575,0.621,0.542,0.632
632,0.747,0.754,0.698,0.707,0.647,0.655,0.619,0.630,0.598,0.619,0.573,0.618,0.541,0.632
633,0.747,0.754,0.697,0.706,0.647,0.655,0.619,0.630,0.600,0.620,0.575,0.617,0.541,0.633
634,0.746,0.754,0.698,0.706,0.647,0.655,0.619,0.631,0.599,0.618,0.574,0.617,0.540,0.633
635,0.747,0.753,0.697,0.706,0.647,0.654,0.619,0.630,0.599,0.620,0.574,0.617,0.541,0.632
636,0.747,0.753,0.698,0.706,0.647,0.655,0.620,0.629,0.598,0.618,0.574,0.618,0.540,0.632
637,0.746,0.753,0.699,0.705,0.647,0.655,0.620,0.630,0.599,0.618,0.574,0.618,0.541,0.631
638,0.747,0.753,0.697,0.706,0.648,0.655,0.619,0.629,0.599,0.619,0.574,0.617,0.541,0.633
639,0.746,0.753,0.697,0.706,0.648,0.655,0.618,0.630,0.599,0.618,0.573,0.619,0.540,0.632
640,0.746,0.754,0.698,0.707,0.647,0.655,0.619,0.631,0.598,0.619,0.575,0.617,0.539,0.632
641,0.746,0.754,0.698,0.706,0.647,0.657,0.619,0.632,0.599,0.619,0.574,0.617,0.540,0.632
642,0.748,0.754,0.698,0.708,0.647,0.657,0.619,0.630,0.598,0.620,0.574,0.619,0.541,0.632
643,0.747,0.753,0.698,0.706,0.647,0.656,0.618,0.631,0.599,0.621,0.574,0.617,0.541,0.633
644,0.746,0.754,0.698,0.705,0.648,0.657,0.619,0.629,0.598,0.618,0.574,0.619,0.539,0.631
645,0.746,0.754,0.699,0.707,0.647,0.655,0.619,0.631,0.599,0.621,0.573,0.620,0.540,0.632
646,0.747,0.753,0.698,0.707,0.647,0.655,0.619,0.632,0.599,0.620,0.574,0.622,0.541,0.632
647,0.747,0.753,0.697,0.706,0.647,0.656,0.618,0.629,0.599,0.619,0.574,0.621,0.539,0.633
648,0.747,0.753,0.697,0.706,0.647,0.658,0.619,0.630,0.599,0.618,0.574,0.618,0.540,0.632
649,0.746,0.754,0.698,0.707,0.647,0.656,0.619,0.630,0.598,0.620,0.574,0.618,0.540,0.633
650,0.746,0.754,0.697,0.706,0.648,0.656,0.619,0.629,0.598,0.620,0.573,0.618,0.540,0.633
651,0.747,0.752,0.699,0.707,0.647,0.655,0.619,0.631,0.599,0.619,0.572,0.620,0.540,0.632
652,0.746,0.753,0.698,0.707,0.647,0.655,0.619,0.630,0.599,0.619,0.574,0.619,0.540,0.634
653,0.747,0.754,0.698,0.707,0.648,0.654,0.619,0.631,0.599,0.619,0.573,0.618,0.540,0.632
654,0.747,0.753,0.698,0.706,0.647,0.655,0.619,0.630,0.598,0.618,0.573,0.619,0.541,0.633
655,0.747,0.753,0.697,0.707,0.647,0.655,0.619,0.630,0.599,0.620,0.573,0.618,0.540,0.635
656,0.747,0.754,0.698,0.706,0.646,0.655,0.619,0.631,0.598,0.619,0.574,0.618,0.540,0.632
657,0.746,0.754,0.697,0.706,0.647,0.655,0.620,0.630,0.598,0.618,0.574,0.618,0.539,0.636
658,0.747,0.754,0.698,0.707,0.647,0.655,0.619,0.630,0.599,0.618,0.574,0.620,0.539,0.635
659,0.745,0.753,0.698,0.705,0.647,0.656,0.619,0.630,0.599,0.619,0.574,0.617,0.539,0.634
660,0.746,0.755,0.698,0.707,0.646,0.656,0.619,0.629,0.599,0.618,0.574,0.618,0.539,0.632
661,0.747,0.753,0.698,0.707,0.647,0.656,0.619,0.631,0.598,0.621,0.574,0.619,0.539,0.633
662,0.746,0.755,0.698,0.706,0.646,0.655,0.618,0.629,0.599,0.619,0.574,0.617,0.539,0.632
663,0.746,0.753,0.697,0.705,0.646,0.656,0.619,0.630,0.598,0.622,0.574,0.618,0.540,0.634
664,0.746,0.756,0.697,0.706,0.647,0.657,0.619,0.630,0.599,0.619,0.574,0.618,0.540,0.633
665,0.746,0.753,0.697,0.706,0.646,0.655,0.618,0.630,0.599,0.618,0.574,0.618,0.541,0.631
666,0.747,0.754,0.698,0.706,0.647,0.655,0.620,0.630,0.599,0.619,0.574,0.617,0.539,0.634
667,0.747,0.753,0.697,0.705,0.648,0.655,0.618,0.630,0.599,0.618,0.574,0.618,0.539,0.633
668,0.747,0.754,0.697,0.706,0.647,0.655,0.619,0.631,0.599,0.620,0.574,0.618,0.540,0.633
669,0.746,0.754,0.698,0.706,0.647,0.655,0.619,0.630,0.598,0.619,0.574,0.618,0.539,0.633
670,0.747,0.754,0.698,0.707,0.646,0.654,0.619,0.631,0.598,0.618,0.574,0.619,0.539,0.633
671,0.747,0.752,0.697,0.706,0.646,0.656,0.618,0.629,0.599,0.619,0.574,0.618,0.539,0.634
672,0.747,0.754,0.697,0.705,0.646,0.655,0.618,0.630,0.598,0.619,0.574,0.617,0.540,0.634
673,0.747,0.755,0.698,0.706,0.646,0.654,0.618,0.631,0.598,0.619,0.575,0.618,0.540,0.633
674,0.747,0.754,0.697,0.706,0.647,0.656,0.618,0.629,0.598,0.619,0.574,0.617,0.541,0.634
675,0.747,0.753,0.697,0.710,0.647,0.656,0.619,0.631,0.598,0.621,0.573,0.618,0.539,0.635
676,0.746,0.753,0.697,0.706,0.647,0.655,0.619,0.630,0.598,0.620,0.573,0.618,0.538,0.632
677,0.747,0.754,0.697,0.705,0.646,0.655,0.619,0.630,0.598,0.618,0.573,0.619,0.539,0.633
678,0.748,0.753,0.698,0.705,0.647,0.655,0.619,0.630,0.596,0.618,0.574,0.619,0.539,0.634
679,0.747,0.754,0.699,0.706,0.647,0.656,0.619,0.630,0.598,0.618,0.574,0.618,0.538,0.634
680,0.747,0.755,0.697,0.706,0.647,0.655,0.619,0.630,0.599,0.618,0.574,0.618,0.539,0.635
681,0.747,0.754,0.698,0.707,0.647,0.656,0.619,0.630,0.599,0.619,0.573,0.618,0.539,0.634
682,0.746,0.754,0.698,0.707,0.646,0.656,0.618,0.630,0.598,0.620,0.573,0.622,0.539,0.638
683,0.747,0.753,0.697,0.706,0.647,0.655,0.619,0.630,0.598,0.619,0.574,0.617,0.539,0.636
684,0.747,0.755,0.698,0.705,0.648,0.655,0.619,0.631,0.599,0.619,0.574,0.617,0.539,0.633
685,0.747,0.752,0.697,0.705,0.647,0.656,0.619,0.631,0.599,0.620,0.573,0.618,0.540,0.634
686,0.746,0.753,0.698,0.706,0.646,0.655,0.620,0.629,0.598,0.619,0.573,0.619,0.539,0.635
687,0.746,0.755,0.698,0.707,0.646,0.655,0.618,0.629,0.598,0.617,0.574,0.618,0.539,0.633
688,0.746,0.755,0.698,0.706,0.646,0.655,0.618,0.629,0.598,0.618,0.573,0.617,0.540,0.633
689,0.748,0.752,0.697,0.706,0.646,0.655,0.620,0.630,0.597,0.619,0.573,0.617,0.539,0.633
690,0.747,0.753,0.698,0.706,0.647,0.655,0.618,0.630,0.599,0.619,0.574,0.618,0.539,0.635
691,0.746,0.755,0.697,0.706,0.647,0.655,0.619,0.630,0.598,0.619,0.574,0.620,0.540,0.633
692,0.747,0.755,0.697,0.706,0.647,0.655,0.618,0.630,0.599,0.619,0.574,0.618,0.539,0.635
693,0.746,0.754,0.697,0.705,0.646,0.655,0.619,0.630,0.598,0.619,0.573,0.617,0.539,0.634
694,0.747,0.755,0.699,0.705,0.648,0.655,0.617,0.629,0.599,0.619,0.573,0.618,0.539,0.637
695,0.746,0.755,0.698,0.706,0.647,0.655,0.618,0.630,0.598,0.619,0.573,0.617,0.539,0.634
696,0.746,0.753,0.698,0.705,0.646,0.656,0.618,0.631,0.598,0.619,0.574,0.620,0.539,0.633
697,0.747,0.754,0.697,0.707,0.646,0.658,0.617,0.630,0.598,0.618,0.574,0.618,0.539,0.634
698,0.746,0.754,0.697,0.706,0.647,0.655,0.619,0.630,0.597,0.620,0.573,0.617,0.540,0.634
699,0.746,0.754,0.697,0.706,0.647,0.655,0.619,0.630,0.598,0.618,0.574,0.619,0.539,0.634
700,0.746,0.754,0.697,0.706,0.647,0.654,0.617,0.630,0.597,0.620,0.573,0.618,0.539,0.634
701,0.747,0.752,0.697,0.707,0.645,0.654,0.618,0.629,0.597,0.619,0.573,0.618,0.539,0.636
702,0.747,0.753,0.698,0.708,0.646,0.654,0.618,0.632,0.598,0.620,0.574,0.618,0.539,0.633
703,0.746,0.754,0.698,0.706,0.646,0.654,0.618,0.631,0.598,0.618,0.573,0.618,0.539,0.636
704,0.747,0.753,0.698,0.705,0.645,0.656,0.619,0.629,0.597,0.621,0.574,0.619,0.540,0.635
705,0.746,0.754,0.698,0.705,0.646,0.656,0.620,0.629,0.598,0.620,0.574,0.617,0.538,0.636
706,0.746,0.754,0.698,0.705,0.647,0.654,0.618,0.630,0.598,0.618,0.573,0.618,0.540,0.634
707,0.746,0.754,0.697,0.707,0.646,0.656,0.618,0.629,0.598,0.617,0.574,0.618,0.540,0.635
708,0.746,0.755,0.697,0.706,0.646,0.654,0.618,0.629,0.598,0.621,0.572,0.618,0.538,0.634
709,0.746,0.753,0.697,0.707,0.646,0.654,0.618,0.629,0.598,0.620,0.573,0.618,0.539,0.635
710,0.748,0.755,0.697,0.707,0.646,0.654,0.618,0.629,0.597,0.618,0.573,0.619,0.539,0.636
711,0.746,0.753,0.697,0.705,0.648,0.656,0.618,0.630,0.598,0.621,0.573,0.619,0.539,0.635
712,0.747,0.752,0.698,0.704,0.647,0.655,0.619,0.630,0.598,0.618,0.573,0.619,0.538,0.633
713,0.747,0.755,0.697,0.706,0.646,0.655,0.618,0.629,0.597,0.618,0.573,0.621,0.538,0.636
714,0.747,0.753,0.698,0.706,0.647,0.656,0.618,0.629,0.597,0.618,0.574,0.620,0.538,0.635
715,0.747,0.753,0.697,0.707,0.646,0.656,0.618,0.629,0.597,0.618,0.573,0.619,0.538,0.636
716,0.746,0.754,0.698,0.706,0.647,0.655,0.619,0.629,0.597,0.618,0.573,0.618,0.538,0.634
717,0.746,0.753,0.696,0.706,0.646,0.654,0.619,0.629,0.598,0.618,0.573,0.618,0.539,0.635
718,0.747,0.754,0.697,0.705,0.646,0.653,0.617,0.629,0.598,0.619,0.573,0.620,0.539,0.634
719,0.747,0.754,0.697,0.706,0.647,0.655,0.618,0.629,0.597,0.619,0.574,0.619,0.538,0.635
720,0.747,0.754,0.697,0.706,0.647,0.654,0.617,0.630,0.598,0.619,0.572,0.617,0.537,0.636
721,0.747,0.754,0.697,0.707,0.646,0.655,0.619,0.629,0.598,0.618,0.573,0.618,0.538,0.637
722,0.746,0.754,0.698,0.706,0.647,0.654,0.619,0.629,0.598,0.619,0.573,0.619,0.538,0.637
723,0.747,0.753,0.697,0.706,0.646,0.655,0.619,0.630,0.598,0.619,0.573,0.619,0.539,0.636
724,0.747,0.754,0.697,0.706,0.646,0.655,0.618,0.629,0.599,0.618,0.573,0.618,0.538,0.634
725,0.745,0.753,0.697,0.706,0.646,0.655,0.618,0.631,0.598,0.619,0.573,0.618,0.538,0.633
726,0.747,0.753,0.698,0.706,0.647,0.655,0.619,0.629,0.597,0.619,0.573,0.617,0.539,0.635
727,0.746,0.753,0.698,0.705,0.645,0.656,0.619,0.628,0.596,0.617,0.573,0.618,0.539,0.634
728,0.747,0.755,0.697,0.706,0.646,0.654,0.618,0.630,0.599,0.617,0.573,0.617,0.539,0.636
729,0.746,0.753,0.698,0.706,0.646,0.656,0.619,0.629,0.598,0.617,0.573,0.619,0.539,0.636
730,0.746,0.754,0.697,0.706,0.646,0.653,0.618,0.630,0.597,0.620,0.573,0.619,0.538,0.636
731,0.746,0.753,0.698,0.705,0.646,0.654,0.619,0.631,0.598,0.619,0.573,0.618,0.538,0.634
732,0.747,0.754,0.698,0.706,0.646,0.656,0.618,0.629,0.597,0.618,0.573,0.618,0.538,0.636
733,0.746,0.754,0.697,0.705,0.645,0.654,0.618,0.629,0.598,0.618,0.573,0.621,0.538,0.635
734,0.746,0.753,0.697,0.705,0.646,0.656,0.618,0.628,0.597,0.619,0.573,0.618,0.539,0.636
735,0.746,0.752,0.697,0.707,0.646,0.654,0.618,0.628,0.597,0.619,0.572,0.617,0.538,0.637
736,0.747,0.755,0.697,0.706,0.646,0.655,0.619,0.630,0.596,0.616,0.573,0.618,0.539,0.636
737,0.747,0.754,0.697,0.705,0.647,0.655,0.618,0.629,0.598,0.620,0.573,0.619,0.539,0.636
738,0.747,0.753,0.697,0.705,0.648,0.656,0.617,0.632,0.597,0.618,0.573,0.617,0.538,0.635
739,0.747,0.754,0.697,0.705,0.646,0.655,0.618,0.630,0.597,0.618,0.575,0.621,0.538,0.634
740,0.746,0.753,0.696,0.704,0.646,0.654,0.617,0.629,0.597,0.618,0.574,0.619,0.538,0.635
741,0.746,0.753,0.698,0.705,0.646,0.654,0.618,0.629,0.598,0.618,0.575,0.619,0.537,0.637
742,0.746,0.753,0.698,0.705,0.645,0.654,0.618,0.630,0.597,0.617,0.573,0.620,0.540,0.635
743,0.747,0.754,0.697,0.706,0.646,0.654,0.618,0.630,0.598,0.618,0.573,0.618,0.539,0.636
744,0.746,0.753,0.697,0.706,0.646,0.654,0.618,0.629,0.597,0.619,0.573,0.619,0.538,0.636
745,0.747,0.753,0.697,0.704,0.647,0.653,0.618,0.628,0.598,0.618,0.572,0.619,0.537,0.637
746,0.746,0.753,0.697,0.706,0.646,0.655,0.618,0.630,0.597,0.619,0.573,0.618,0.539,0.635
747,0.746,0.753,0.697,0.706,0.645,0.653,0.618,0.632,0.597,0.617,0.573,0.618,0.538,0.635
748,0.747,0.753,0.697,0.706,0.645,0.654,0.618,0.630,0.598,0.617,0.572,0.618,0.538,0.637
749,0.747,0.753,0.696,0.705,0.646,0.654,0.618,0.631,0.598,0.618,0.572,0.619,0.538,0.634
750,0.747,0.752,0.696,0.706,0.646,0.655,0.619,0.629,0.598,0.618,0.572,0.619,0.538,0.635
751,0.747,0.755,0.697,0.707,0.646,0.654,0.618,0.630,0.597,0.620,0.573,0.618,0.538,0.637
752,0.747,0.755,0.697,0.706,0.646,0.655,0.618,0.629,0.597,0.618,0.572,0.617,0.539,0.637
753,0.746,0.754,0.697,0.705,0.645,0.654,0.618,0.630,0.597,0.618,0.572,0.618,0.539,0.637
754,0.746,0.754,0.697,0.706,0.647,0.654,0.618,0.631,0.598,0.618,0.572,0.618,0.538,0.637
755,0.747,0.752,0.696,0.705,0.646,0.654,0.617,0.629,0.598,0.620,0.573,0.620,0.537,0.636
756,0.746,0.753,0.697,0.705,0.647,0.654,0.617,0.629,0.598,0.619,0.573,0.618,0.537,0.637
757,0.747,0.753,0.698,0.705,0.645,0.654,0.618,0.629,0.597,0.618,0.572,0.618,0.537,0.635
758,0.747,0.754,0.697,0.705,0.646,0.653,0.618,0.628,0.597,0.619,0.574,0.620,0.539,0.635
759,0.748,0.754,0.696,0.705,0.646,0.654,0.617,0.629,0.598,0.617,0.573,0.618,0.538,0.637
760,0.746,0.753,0.696,0.704,0.646,0.655,0.618,0.629,0.597,0.617,0.573,0.619,0.538,0.635
761,0.746,0.754,0.697,0.706,0.647,0.653,0.618,0.629,0.597,0.618,0.572,0.619,0.537,0.635
762,0.747,0.754,0.697,0.706,0.646,0.654,0.618,0.629,0.597,0.617,0.572,0.620,0.539,0.637
763,0.747,0.754,0.697,0.706,0.646,0.653,0.617,0.629,0.597,0.619,0.572,0.617,0.537,0.635
764,0.746,0.754,0.696,0.706,0.646,0.655,0.617,0.631,0.597,0.621,0.572,0.619,0.538,0.636
765,0.747,0.753,0.696,0.706,0.645,0.656,0.619,0.630,0.598,0.617,0.573,0.618,0.537,0.634
766,0.746,0.754,0.697,0.706,0.646,0.656,0.619,0.630,0.596,0.618,0.573,0.619,0.537,0.637
767,0.747,0.754,0.696,0.705,0.646,0.655,0.618,0.629,0.598,0.617,0.573,0.619,0.537,0.637
768,0.746,0.754,0.696,0.706,0.647,0.654,0.618,0.629,0.599,0.620,0.573,0.619,0.537,0.636
769,0.746,0.755,0.696,0.705,0.646,0.653,0.618,0.630,0.598,0.617,0.573,0.619,0.539,0.635
770,0.746,0.755,0.697,0.706,0.646,0.653,0.618,0.630,0.597,0.618,0.572,0.618,0.538,0.636
771,0.746,0.754,0.698,0.705,0.647,0.655,0.619,0.629,0.597,0.620,0.572,0.618,0.538,0.636
772,0.746,0.754,0.697,0.705,0.646,0.654,0.618,0.631,0.598,0.617,0.572,0.617,0.537,0.638
773,0.746,0.753,0.697,0.707,0.646,0.653,0.618,0.629,0.597,0.617,0.572,0.618,0.539,0.636
774,0.747,0.755,0.698,0.706,0.646,0.654,0.618,0.629,0.597,0.621,0.573,0.618,0.537,0.636
775,0.747,0.752,0.697,0.706,0.646,0.655,0.617,0.629,0.598,0.623,0.573,0.618,0.536,0.636
776,0.747,0.753,0.696,0.706,0.646,0.654,0.617,0.629,0.597,0.618,0.572,0.618,0.537,0.639
777,0.747,0.753,0.697,0.705,0.646,0.656,0.617,0.631,0.597,0.619,0.572,0.618,0.540,0.637
778,0.747,0.753,0.697,0.708,0.646,0.655,0.618,0.629,0.597,0.618,0.572,0.618,0.537,0.636
779,0.746,0.754,0.697,0.705,0.645,0.653,0.618,0.628,0.598,0.617,0.572,0.618,0.538,0.637
780,0.746,0.755,0.697,0.705,0.646,0.655,0.618,0.629,0.596,0.618,0.573,0.620,0.539,0.637
781,0.746,0.754,0.697,0.705,0.645,0.654,0.619,0.629,0.598,0.620,0.572,0.618,0.537,0.637
782,0.746,0.754,0.697,0.705,0.646,0.654,0.618,0.630,0.598,0.618,0.572,0.618,0.538,0.636
783,0.747,0.754,0.697,0.706,0.647,0.655,0.618,0.630,0.598,0.617,0.572,0.617,0.537,0.638
784,0.747,0.754,0.696,0.704,0.644,0.658,0.618,0.628,0.597,0.619,0.572,0.618,0.537,0.639
785,0.747,0.754,0.698,0.705,0.645,0.653,0.618,0.628,0.597,0.618,0.572,0.618,0.537,0.638
786,0.746,0.753,0.697,0.707,0.646,0.654,0.618,0.630,0.598,0.618,0.572,0.619,0.536,0.637
787,0.746,0.754,0.696,0.705,0.646,0.655,0.619,0.629,0.597,0.617,0.572,0.618,0.538,0.639
788,0.746,0.754,0.697,0.709,0.646,0.655,0.618,0.629,0.597,0.618,0.573,0.618,0.538,0.635
789,0.746,0.754,0.697,0.706,0.645,0.654,0.618,0.629,0.598,0.619,0.574,0.618,0.538,0.638
790,0.746,0.754,0.696,0.706,0.645,0.652,0.619,0.629,0.597,0.618,0.572,0.618,0.537,0.637
791,0.746,0.754,0.696,0.706,0.646,0.655,0.619,0.629,0.597,0.618,0.573,0.617,0.537,0.635
792,0.746,0.754,0.696,0.706,0.646,0.655,0.618,0.630,0.597,0.618,0.573,0.619,0.537,0.635
793,0.746,0.753,0.698,0.706,0.646,0.655,0.618,0.630,0.598,0.617,0.572,0.617,0.538,0.641
794,0.747,0.754,0.697,0.704,0.646,0.654,0.617,0.628,0.597,0.618,0.572,0.618,0.538,0.637
795,0.746,0.753,0.697,0.705,0.644,0.654,0.619,0.630,0.597,0.619,0.573,0.619,0.537,0.638
796,0.747,0.753,0.696,0.705,0.646,0.656,0.618,0.629,0.598,0.618,0.573,0.618,0.537,0.636
797,0.746,0.754,0.697,0.706,0.646,0.657,0.617,0.630,0.596,0.617,0.572,0.617,0.537,0.635
798,0.747,0.754,0.697,0.705,0.646,0.655,0.618,0.630,0.597,0.619,0.573,0.618,0.536,0.636
799,0.746,0.754,0.696,0.706,0.646,0.656,0.617,0.631,0.597,0.618,0.572,0.617,0.538,0.639
800,0.746,0.754,0.696,0.706,0.646,0.653,0.616,0.629,0.598,0.622,0.572,0.620,0.537,0.639
801,0.746,0.753,0.697,0.707,0.645,0.653,0.617,0.630,0.597,0.618,0.572,0.619,0.538,0.637
802,0.747,0.754,0.696,0.705,0.645,0.655,0.618,0.631,0.597,0.618,0.573,0.618,0.537,0.638
803,0.747,0.753,0.697,0.705,0.645,0.653,0.617,0.628,0.597,0.618,0.572,0.619,0.537,0.638
804,0.745,0.753,0.697,0.705,0.645,0.653,0.618,0.629,0.597,0.619,0.572,0.619,0.538,0.636
805,0.747,0.754,0.696,0.705,0.645,0.654,0.618,0.630,0.598,0.616,0.573,0.619,0.538,0.637
806,0.746,0.752,0.697,0.706,0.647,0.657,0.620,0.629,0.597,0.620,0.572,0.619,0.536,0.638
807,0.747,0.754,0.698,0.710,0.646,0.654,0.618,0.628,0.597,0.617,0.572,0.618,0.537,0.640
808,0.746,0.754,0.697,0.706,0.646,0.654,0.617,0.629,0.597,0.617,0.572,0.618,0.538,0.636
809,0.746,0.753,0.697,0.705,0.645,0.656,0.617,0.630,0.598,0.618,0.574,0.618,0.538,0.637
810,0.746,0.753,0.695,0.705,0.646,0.654,0.618,0.629,0.597,0.618,0.572,0.618,0.537,0.638
811,0.747,0.754,0.697,0.706,0.646,0.654,0.619,0.629,0.597,0.618,0.573,0.619,0.537,0.637
812,0.747,0.754,0.697,0.707,0.646,0.654,0.618,0.630,0.598,0.618,0.572,0.618,0.536,0.637
813,0.746,0.753,0.697,0.705,0.644,0.653,0.617,0.628,0.597,0.617,0.573,0.618,0.537,0.638
814,0.745,0.753,0.697,0.705,0.645,0.654,0.618,0.628,0.598,0.618,0.572,0.619,0.537,0.636
815,0.747,0.754,0.697,0.705,0.645,0.655,0.619,0.630,0.596,0.617,0.572,0.619,0.537,0.638
816,0.747,0.753,0.696,0.704,0.645,0.653,0.618,0.629,0.597,0.618,0.571,0.618,0.538,0.637
817,0.747,0.753,0.696,0.705,0.646,0.657,0.618,0.628,0.597,0.617,0.573,0.619,0.537,0.638
818,0.746,0.754,0.696,0.706,0.646,0.653,0.618,0.629,0.597,0.617,0.572,0.618,0.537,0.638
819,0.746,0.754,0.697,0.706,0.646,0.654,0.617,0.628,0.597,0.618,0.573,0.619,0.538,0.640
820,0.747,0.754,0.697,0.705,0.646,0.655,0.617,0.629,0.597,0.619,0.573,0.618,0.538,0.639
821,0.747,0.753,0.696,0.705,0.645,0.658,0.618,0.629,0.598,0.618,0.572,0.616,0.537,0.637
822,0.745,0.755,0.696,0.706,0.646,0.653,0.619,0.629,0.597,0.620,0.572,0.619,0.536,0.638
823,0.747,0.753,0.697,0.705,0.645,0.655,0.618,0.633,0.597,0.618,0.572,0.619,0.537,0.639
824,0.746,0.753,0.697,0.705,0.645,0.653,0.618,0.628,0.597,0.617,0.573,0.619,0.538,0.638
825,0.746,0.756,0.696,0.706,0.645,0.653,0.618,0.629,0.597,0.617,0.571,0.619,0.537,0.638
826,0.746,0.754,0.697,0.706,0.646,0.654,0.617,0.629,0.597,0.617,0.572,0.618,0.536,0.639
827,0.747,0.753,0.696,0.704,0.645,0.653,0.617,0.628,0.597,0.618,0.573,0.620,0.537,0.638
828,0.746,0.754,0.696,0.705,0.645,0.653,0.618,0.629,0.598,0.619,0.572,0.622,0.537,0.638
829,0.746,0.755,0.697,0.708,0.645,0.653,0.618,0.629,0.597,0.617,0.573,0.618,0.537,0.636
830,0.746,0.754,0.696,0.705,0.645,0.653,0.617,0.629,0.597,0.617,0.572,0.617,0.536,0.638
831,0.747,0.752,0.696,0.705,0.645,0.654,0.617,0.629,0.596,0.617,0.573,0.618,0.537,0.637
832,0.746,0.753,0.696,0.705,0.645,0.653,0.618,0.628,0.597,0.618,0.571,0.617,0.537,0.636
833,0.747,0.752,0.697,0.706,0.645,0.654,0.617,0.629,0.598,0.618,0.572,0.618,0.538,0.637
834,0.746,0.753,0.697,0.706,0.645,0.653,0.618,0.629,0.596,0.617,0.572,0.619,0.537,0.637
835,0.747,0.754,0.697,0.705,0.645,0.654,0.618,0.629,0.598,0.619,0.572,0.621,0.537,0.638
836,0.747,0.755,0.696,0.706,0.646,0.653,0.618,0.628,0.598,0.618,0.571,0.619,0.537,0.638
837,0.747,0.753,0.697,0.704,0.646,0.653,0.617,0.631,0.597,0.617,0.572,0.618,0.537,0.638
838,0.746,0.753,0.698,0.705,0.645,0.653,0.617,0.632,0.597,0.618,0.572,0.620,0.536,0.638
839,0.747,0.753,0.696,0.705,0.646,0.654,0.617,0.628,0.596,0.617,0.572,0.618,0.537,0.637
840,0.746,0.755,0.696,0.705,0.646,0.653,0.618,0.629,0.597,0.618,0.572,0.621,0.537,0.637
841,0.746,0.754,0.697,0.706,0.646,0.655,0.618,0.630,0.597,0.617,0.572,0.618,0.537,0.638
842,0.747,0.753,0.698,0.705,0.646,0.654,0.618,0.629,0.596,0.619,0.572,0.618,0.536,0.638
843,0.746,0.753,0.696,0.705,0.645,0.653,0.617,0.631,0.597,0.618,0.573,0.618,0.536,0.637
844,0.747,0.754,0.697,0.705,0.646,0.653,0.617,0.629,0.597,0.618,0.572,0.618,0.537,0.637
845,0.747,0.754,0.696,0.705,0.645,0.653,0.618,0.629,0.597,0.618,0.572,0.618,0.537,0.638
846,0.746,0.754,0.696,0.705,0.645,0.654,0.618,0.630,0.597,0.619,0.572,0.618,0.536,0.637
847,0.745,0.753,0.696,0.705,0.646,0.655,0.618,0.630,0.597,0.617,0.571,0.619,0.538,0.637
848,0.746,0.754,0.696,0.706,0.646,0.654,0.617,0.631,0.596,0.617,0.572,0.617,0.536,0.638
849,0.747,0.753,0.696,0.707,0.645,0.655,0.617,0.628,0.597,0.618,0.571,0.619,0.536,0.636
850,0.746,0.753,0.697,0.704,0.646,0.653,0.618,0.630,0.597,0.617,0.572,0.618,0.536,0.640
851,0.746,0.754,0.697,0.705,0.646,0.652,0.618,0.629,0.597,0.617,0.572,0.618,0.537,0.637
852,0.747,0.754,0.696,0.704,0.645,0.654,0.619,0.629,0.596,0.618,0.571,0.623,0.537,0.638
853,0.747,0.754,0.696,0.704,0.645,0.653,0.618,0.629,0.596,0.617,0.573,0.619,0.536,0.638
854,0.746,0.753,0.696,0.704,0.646,0.653,0.618,0.628,0.597,0.618,0.571,0.618,0.537,0.637
855,0.747,0.755,0.696,0.706,0.645,0.654,0.618,0.628,0.597,0.617,0.573,0.617,0.537,0.641
856,0.745,0.753,0.696,0.705,0.646,0.653,0.617,0.628,0.597,0.618,0.571,0.617,0.536,0.639
857,0.746,0.752,0.696,0.705,0.646,0.654,0.616,0.630,0.596,0.617,0.572,0.617,0.536,0.639
858,0.746,0.753,0.696,0.705,0.646,0.656,0.618,0.629,0.597,0.618,0.572,0.618,0.537,0.641
859,0.746,0.753,0.696,0.704,0.645,0.653,0.617,0.631,0.597,0.619,0.572,0.618,0.537,0.639
860,0.746,0.754,0.696,0.705,0.646,0.654,0.617,0.628,0.598,0.618,0.572,0.618,0.535,0.637
861,0.746,0.755,0.696,0.705,0.646,0.653,0.617,0.629,0.596,0.617,0.572,0.619,0.537,0.639
862,0.746,0.754,0.697,0.706,0.645,0.652,0.617,0.631,0.597,0.618,0.572,0.618,0.536,0.640
863,0.747,0.754,0.696,0.705,0.644,0.655,0.617,0.629,0.596,0.617,0.571,0.618,0.536,0.638
864,0.747,0.755,0.697,0.706,0.646,0.652,0.617,0.629,0.596,0.618,0.573,0.618,0.537,0.639
865,0.746,0.752,0.697,0.706,0.645,0.653,0.619,0.631,0.596,0.618,0.572,0.620,0.536,0.639
866,0.746,0.754,0.697,0.706,0.645,0.654,0.617,0.628,0.596,0.617,0.572,0.618,0.536,0.638
867,0.746,0.753,0.696,0.705,0.645,0.653,0.618,0.629,0.597,0.617,0.573,0.619,0.536,0.639
868,0.746,0.754,0.696,0.705,0.646,0.653,0.618,0.629,0.595,0.620,0.571,0.618,0.536,0.640
869,0.746,0.754,0.696,0.706,0.645,0.653,0.618,0.628,0.598,0.621,0.571,0.619,0.536,0.637
870,0.746,0.752,0.696,0.705,0.645,0.653,0.618,0.629,0.597,0.619,0.571,0.619,0.536,0.639
871,0.747,0.754,0.696,0.705,0.646,0.654,0.616,0.629,0.596,0.619,0.572,0.618,0.536,0.638
872,0.746,0.754,0.696,0.704,0.645,0.654,0.617,0.630,0.597,0.618,0.572,0.617,0.537,0.638
873,0.747,0.754,0.696,0.705,0.645,0.652,0.618,0.628,0.597,0.617,0.572,0.617,0.537,0.638
874,0.747,0.752,0.696,0.704,0.645,0.654,0.617,0.627,0.597,0.617,0.573,0.618,0.536,0.638
875,0.746,0.752,0.697,0.707,0.644,0.653,0.618,0.629,0.596,0.617,0.571,0.619,0.536,0.641
876,0.746,0.752,0.696,0.705,0.646,0.654,0.618,0.629,0.596,0.618,0.572,0.623,0.536,0.639
877,0.747,0.754,0.696,0.706,0.645,0.652,0.617,0.628,0.596,0.618,0.572,0.617,0.537,0.639
878,0.746,0.754,0.696,0.705,0.645,0.654,0.618,0.628,0.597,0.619,0.572,0.617,0.537,0.641
879,0.747,0.753,0.696,0.704,0.647,0.654,0.617,0.628,0.596,0.618,0.572,0.618,0.536,0.638
880,0.747,0.753,0.696,0.704,0.645,0.653,0.619,0.631,0.597,0.618,0.572,0.621,0.535,0.640
881,0.746,0.755,0.696,0.705,0.645,0.653,0.616,0.630,0.597,0.617,0.572,0.618,0.537,0.640
882,0.746,0.753,0.696,0.704,0.645,0.654,0.619,0.629,0.597,0.617,0.572,0.617,0.537,0.639
883,0.746,0.752,0.697,0.704,0.644,0.653,0.618,0.629,0.595,0.617,0.572,0.618,0.535,0.638
884,0.747,0.752,0.697,0.706,0.646,0.652,0.618,0.628,0.597,0.620,0.571,0.618,0.536,0.639
885,0.747,0.753,0.695,0.705,0.644,0.654,0.617,0.630,0.596,0.619,0.571,0.617,0.536,0.639
886,0.746,0.753,0.696,0.705,0.645,0.653,0.618,0.628,0.597,0.618,0.571,0.618,0.536,0.639
887,0.746,0.754,0.698,0.707,0.644,0.653,0.617,0.629,0.597,0.616,0.572,0.619,0.536,0.640
888,0.747,0.753,0.696,0.706,0.646,0.653,0.618,0.629,0.597,0.618,0.573,0.621,0.536,0.640
889,0.746,0.753,0.695,0.705,0.646,0.653,0.617,0.629,0.596,0.620,0.572,0.619,0.536,0.640
890,0.746,0.754,0.697,0.708,0.644,0.652,0.618,0.629,0.596,0.618,0.572,0.619,0.536,0.643
891,0.746,0.753,0.696,0.705,0.645,0.652,0.617,0.627,0.597,0.617,0.572,0.618,0.536,0.639
892,0.747,0.754,0.696,0.704,0.645,0.653,0.617,0.629,0.597,0.616,0.570,0.618,0.536,0.638
893,0.747,0.753,0.697,0.705,0.645,0.654,0.618,0.629,0.596,0.619,0.572,0.619,0.535,0.638
894,0.747,0.754,0.696,0.706,0.645,0.654,0.618,0.630,0.596,0.618,0.572,0.618,0.537,0.639
895,0.747,0.753,0.697,0.705,0.645,0.653,0.617,0.628,0.597,0.619,0.572,0.618,0.536,0.639
896,0.747,0.754,0.697,0.705,0.645,0.654,0.617,0.629,0.597,0.618,0.572,0.618,0.536,0.639
897,0.745,0.753,0.696,0.704,0.645,0.653,0.617,0.628,0.597,0.618,0.572,0.617,0.536,0.640
898,0.747,0.754,0.696,0.704,0.644,0.653,0.617,0.630,0.597,0.619,0.571,0.619,0.536,0.639
899,0.746,0.753,0.696,0.706,0.645,0.652,0.617,0.630,0.596,0.617,0.571,0.619,0.537,0.639
900,0.746,0.754,0.698,0.704,0.645,0.654,0.617,0.628,0.596,0.620,0.572,0.619,0.535,0.641
901,0.748,0.752,0.696,0.705,0.644,0.653,0.617,0.629,0.597,0.618,0.571,0.619,0.535,0.639
902,0.747,0.752,0.696,0.704,0.645,0.653,0.616,0.630,0.597,0.618,0.571,0.619,0.536,0.639
903,0.746,0.753,0.696,0.706,0.645,0.653,0.617,0.628,0.597,0.618,0.571,0.616,0.536,0.640
904,0.747,0.754,0.696,0.705,0.645,0.651,0.617,0.628,0.596,0.617,0.571,0.618,0.535,0.638
905,0.746,0.753,0.697,0.705,0.644,0.654,0.617,0.628,0.596,0.617,0.571,0.618,0.536,0.639
906,0.746,0.753,0.696,0.704,0.645,0.654,0.616,0.628,0.597,0.617,0.572,0.618,0.535,0.639
907,0.746,0.753,0.696,0.706,0.645,0.653,0.617,0.628,0.597,0.617,0.572,0.619,0.536,0.639
908,0.747,0.753,0.695,0.705,0.644,0.654,0.617,0.629,0.597,0.618,0.571,0.616,0.536,0.640
909,0.747,0.754,0.696,0.704,0.646,0.652,0.618,0.628,0.597,0.617,0.571,0.620,0.536,0.640
910,0.746,0.752,0.696,0.705,0.645,0.656,0.616,0.629,0.596,0.617,0.571,0.618,0.537,0.641
911,0.747,0.755,0.696,0.706,0.645,0.653,0.617,0.631,0.597,0.618,0.572,0.624,0.535,0.640
912,0.747,0.752,0.696,0.705,0.644,0.653,0.617,0.627,0.596,0.618,0.571,0.621,0.536,0.639
913,0.746,0.753,0.695,0.704,0.645,0.655,0.618,0.629,0.597,0.618,0.571,0.619,0.536,0.639
914,0.746,0.753,0.696,0.704,0.645,0.654,0.617,0.629,0.596,0.618,0.572,0.619,0.535,0.641
915,0.745,0.754,0.696,0.706,0.644,0.653,0.617,0.630,0.596,0.617,0.573,0.617,0.536,0.640
916,0.747,0.752,0.696,0.704,0.644,0.652,0.616,0.629,0.597,0.618,0.571,0.618,0.535,0.643
917,0.747,0.753,0.697,0.705,0.645,0.651,0.618,0.629,0.597,0.616,0.572,0.618,0.536,0.638
918,0.746,0.754,0.696,0.706,0.646,0.654,0.617,0.629,0.596,0.620,0.572,0.617,0.536,0.638
919,0.747,0.753,0.696,0.704,0.646,0.653,0.617,0.629,0.597,0.617,0.572,0.619,0.534,0.638
920,0.746,0.753,0.696,0.704,0.646,0.653,0.616,0.629,0.597,0.617,0.571,0.619,0.535,0.640
921,0.749,0.754,0.696,0.705,0.646,0.656,0.616,0.628,0.596,0.617,0.572,0.619,0.535,0.640
922,0.746,0.753,0.696,0.705,0.644,0.654,0.617,0.629,0.597,0.618,0.572,0.619,0.535,0.640
923,0.746,0.752,0.696,0.704,0.645,0.654,0.617,0.629,0.597,0.619,0.573,0.619,0.536,0.640
924,0.746,0.753,0.696,0.704,0.645,0.653,0.617,0.630,0.598,0.618,0.572,0.617,0.535,0.643
925,0.746,0.753,0.695,0.704,0.644,0.653,0.617,0.630,0.596,0.616,0.571,0.618,0.537,0.640
926,0.747,0.754,0.697,0.704,0.645,0.653,0.616,0.629,0.596,0.616,0.571,0.618,0.535,0.641
927,0.747,0.753,0.696,0.705,0.644,0.655,0.617,0.629,0.596,0.617,0.570,0.619,0.535,0.639
928,0.745,0.753,0.696,0.704,0.644,0.652,0.618,0.629,0.595,0.616,0.572,0.619,0.535,0.638
929,0.746,0.753,0.696,0.704,0.645,0.655,0.618,0.630,0.596,0.616,0.571,0.619,0.536,0.643
930,0.747,0.753,0.696,0.706,0.645,0.656,0.617,0.629,0.595,0.619,0.571,0.620,0.536,0.640
931,0.746,0.753,0.696,0.703,0.645,0.654,0.617,0.629,0.596,0.618,0.571,0.617,0.536,0.640
932,0.747,0.753,0.697,0.704,0.644,0.653,0.618,0.628,0.596,0.617,0.570,0.618,0.535,0.640
933,0.747,0.752,0.696,0.704,0.644,0.653,0.617,0.629,0.597,0.617,0.571,0.618,0.536,0.640
934,0.747,0.752,0.696,0.706,0.645,0.654,0.617,0.628,0.596,0.617,0.571,0.619,0.535,0.640
935,0.747,0.755,0.696,0.704,0.644,0.653,0.617,0.628,0.596,0.617,0.571,0.618,0.535,0.639
936,0.746,0.753,0.697,0.704,0.645,0.653,0.617,0.630,0.595,0.618,0.571,0.619,0.536,0.641
937,0.746,0.752,0.696,0.703,0.644,0.652,0.618,0.629,0.596,0.617,0.571,0.618,0.535,0.640
938,0.746,0.753,0.696,0.705,0.645,0.652,0.617,0.628,0.595,0.617,0.571,0.619,0.535,0.641
939,0.746,0.753,0.695,0.704,0.645,0.653,0.616,0.629,0.596,0.617,0.571,0.618,0.535,0.640
940,0.746,0.753,0.696,0.705,0.646,0.652,0.617,0.628,0.596,0.618,0.570,0.619,0.535,0.640
941,0.746,0.754,0.697,0.707,0.646,0.652,0.617,0.629,0.596,0.618,0.572,0.618,0.535,0.642
942,0.746,0.752,0.696,0.705,0.644,0.653,0.617,0.629,0.596,0.618,0.572,0.618,0.536,0.640
943,0.746,0.753,0.696,0.705,0.644,0.653,0.617,0.627,0.596,0.616,0.571,0.617,0.535,0.639
944,0.746,0.753,0.696,0.704,0.646,0.653,0.617,0.628,0.597,0.616,0.571,0.619,0.535,0.640
945,0.747,0.753,0.696,0.704,0.645,0.652,0.616,0.630,0.595,0.617,0.570,0.618,0.535,0.640
946,0.746,0.753,0.696,0.707,0.644,0.652,0.616,0.629,0.596,0.618,0.571,0.618,0.535,0.642
947,0.746,0.754,0.696,0.704,0.646,0.656,0.616,0.628,0.596,0.618,0.571,0.618,0.535,0.640
948,0.746,0.755,0.695,0.704,0.644,0.653,0.616,0.628,0.597,0.619,0.571,0.619,0.535,0.640
949,0.747,0.752,0.695,0.705,0.644,0.652,0.617,0.627,0.596,0.618,0.570,0.618,0.535,0.641
950,0.746,0.753,0.695,0.704,0.645,0.653,0.617,0.628,0.597,0.618,0.571,0.618,0.535,0.640
951,0.746,0.753,0.696,0.704,0.644,0.653,0.617,0.629,0.596,0.617,0.571,0.617,0.534,0.643
952,0.747,0.754,0.696,0.705,0.644,0.652,0.617,0.629,0.597,0.615,0.571,0.619,0.535,0.640
953,0.747,0.754,0.695,0.704,0.644,0.652,0.617,0.627,0.595,0.617,0.571,0.619,0.536,0.641
954,0.747,0.752,0.696,0.706,0.645,0.653,0.617,0.628,0.596,0.617,0.571,0.620,0.536,0.642
955,0.746,0.753,0.696,0.704,0.644,0.651,0.617,0.629,0.596,0.617,0.571,0.618,0.535,0.643
956,0.747,0.753,0.696,0.707,0.645,0.653,0.617,0.628,0.596,0.618,0.571,0.618,0.535,0.643
957,0.746,0.754,0.697,0.704,0.644,0.653,0.617,0.629,0.598,0.618,0.571,0.618,0.535,0.640
958,0.746,0.753,0.697,0.705,0.645,0.655,0.616,0.628,0.596,0.616,0.571,0.618,0.535,0.640
959,0.746,0.752,0.696,0.704,0.644,0.653,0.617,0.630,0.596,0.616,0.571,0.619,0.534,0.640
960,0.746,0.753,0.696,0.705,0.644,0.653,0.617,0.628,0.596,0.619,0.570,0.618,0.535,0.640
961,0.746,0.753,0.696,0.704,0.645,0.652,0.616,0.628,0.596,0.617,0.570,0.617,0.535,0.640
962,0.746,0.753,0.697,0.705,0.645,0.653,0.616,0.628,0.596,0.617,0.571,0.617,0.535,0.641
963,0.746,0.754,0.696,0.705,0.645,0.653,0.616,0.629,0.596,0.617,0.571,0.617,0.535,0.640
964,0.747,0.752,0.696,0.703,0.645,0.652,0.616,0.628,0.597,0.618,0.571,0.618,0.535,0.641
965,0.746,0.753,0.696,0.704,0.644,0.655,0.618,0.630,0.596,0.618,0.571,0.624,0.535,0.641
966,0.747,0.754,0.695,0.703,0.644,0.653,0.617,0.628,0.596,0.617,0.570,0.617,0.535,0.640
967,0.746,0.754,0.696,0.704,0.644,0.652,0.616,0.627,0.596,0.620,0.571,0.619,0.536,0.642
968,0.747,0.754,0.696,0.705,0.644,0.652,0.616,0.628,0.596,0.620,0.571,0.619,0.536,0.641
969,0.746,0.754,0.696,0.705,0.644,0.653,0.617,0.629,0.596,0.616,0.571,0.621,0.535,0.641
970,0.746,0.753,0.696,0.704,0.644,0.653,0.616,0.629,0.596,0.616,0.570,0.619,0.535,0.641
971,0.747,0.753,0.695,0.705,0.645,0.652,0.617,0.629,0.596,0.620,0.570,0.618,0.534,0.642
972,0.746,0.753,0.697,0.706,0.645,0.653,0.617,0.632,0.597,0.617,0.570,0.618,0.535,0.641
973,0.746,0.754,0.696,0.704,0.644,0.652,0.618,0.628,0.596,0.617,0.572,0.619,0.535,0.645
974,0.747,0.752,0.695,0.704,0.646,0.655,0.617,0.628,0.596,0.616,0.570,0.618,0.535,0.641
975,0.746,0.753,0.696,0.706,0.645,0.654,0.616,0.628,0.596,0.617,0.574,0.619,0.534,0.642
976,0.745,0.753,0.696,0.705,0.644,0.653,0.618,0.630,0.597,0.616,0.573,0.621,0.535,0.640
977,0.746,0.753,0.696,0.703,0.644,0.654,0.617,0.628,0.596,0.617,0.571,0.617,0.536,0.640
978,0.746,0.753,0.697,0.705,0.645,0.652,0.617,0.628,0.596,0.619,0.572,0.618,0.534,0.640
979,0.746,0.753,0.696,0.705,0.644,0.653,0.617,0.632,0.596,0.617,0.571,0.619,0.535,0.641
980,0.746,0.754,0.696,0.704,0.645,0.651,0.617,0.629,0.596,0.620,0.572,0.617,0.534,0.640
981,0.745,0.753,0.696,0.705,0.645,0.652,0.617,0.629,0.597,0.616,0.571,0.619,0.534,0.640
982,0.747,0.752,0.696,0.707,0.644,0.653,0.617,0.630,0.597,0.618,0.571,0.618,0.534,0.640
983,0.747,0.754,0.695,0.706,0.643,0.653,0.618,0.628,0.596,0.617,0.570,0.618,0.535,0.641
984,0.747,0.753,0.696,0.705,0.645,0.653,0.617,0.630,0.597,0.617,0.572,0.619,0.534,0.641
985,0.746,0.754,0.696,0.706,0.644,0.653,0.617,0.629,0.596,0.616,0.571,0.618,0.535,0.640
986,0.747,0.753,0.696,0.705,0.644,0.652,0.616,0.628,0.595,0.618,0.571,0.618,0.535,0.640
987,0.746,0.755,0.696,0.703,0.644,0.652,0.617,0.629,0.597,0.617,0.570,0.618,0.535,0.641
988,0.746,0.753,0.697,0.705,0.644,0.653,0.617,0.628,0.595,0.619,0.572,0.618,0.534,0.640
989,0.746,0.753,0.695,0.704,0.644,0.652,0.616,0.628,0.596,0.618,0.569,0.618,0.533,0.640
990,0.746,0.753,0.695,0.706,0.644,0.652,0.617,0.628,0.596,0.616,0.571,0.618,0.535,0.641
991,0.746,0.754,0.696,0.704,0.644,0.652,0.618,0.629,0.596,0.618,0.571,0.618,0.535,0.641
992,0.746,0.753,0.695,0.704,0.643,0.652,0.616,0.629,0.595,0.617,0.572,0.619,0.534,0.641
993,0.747,0.753,0.695,0.708,0.643,0.653,0.617,0.627,0.596,0.618,0.571,0.619,0.534,0.640
994,0.747,0.753,0.695,0.704,0.644,0.652,0.617,0.627,0.596,0.617,0.571,0.618,0.535,0.641
995,0.747,0.754,0.696,0.704,0.644,0.652,0.617,0.628,0.596,0.616,0.571,0.617,0.534,0.641
996,0.745,0.754,0.697,0.704,0.644,0.653,0.617,0.627,0.595,0.617,0.572,0.619,0.534,0.642
997,0.747,0.753,0.696,0.705,0.645,0.654,0.616,0.629,0.596,0.616,0.570,0.617,0.534,0.640
998,0.746,0.752,0.695,0.704,0.645,0.655,0.617,0.628,0.596,0.617,0.571,0.618,0.535,0.643
999,0.746,0.754,0.695,0.704,0.645,0.653,0.617,0.630,0.595,0.617,0.572,0.619,0.536,0.642
1000,0.746,0.755,0.696,0.705,0.644,0.653,0.617,0.629,0.596,0.617,0.570,0.616,0.536,0.641
