HK,Residual,Psipred,CA
100,100,0,16.46
31.23,32.26,0,20.48
32.62,34.25,17.79,27.03
32.97,35.37,20.62,27.74
33.7,38.4,21.31,32.65
35.1,39.52,38.88,33.06
35.22,41.96,41.43,34.16
36,42,42.06,35.01
36.43,42.99,43.62,36.21
36.87,43.44,46.59,36.43
38.64,43.71,48.01,36.66
38.95,45.74,48.12,37.23
39.28,46.21,48.98,37.75
39.3,46.58,49.94,37.81
39.7,46.84,51.56,38.91
39.86,47.07,52.62,39.68
41.38,47.23,52.7,40.22
42.19,47.43,52.89,40.47
42.49,47.87,54.61,40.51
42.63,47.99,54.99,40.54
42.92,48.01,56.04,40.76
43.11,48.05,56.68,41.06
43.36,48.27,57.18,41.37
44.06,48.45,57.43,41.53
44.22,48.53,58.29,41.8
44.28,48.65,59.03,42.12
44.36,48.8,59.18,42.12
44.62,48.87,59.36,42.67
44.8,48.97,59.36,42.73
44.86,49.06,59.72,42.89
44.89,49.35,59.72,42.94
44.99,49.5,60.38,43.17
45.38,49.57,60.43,43.33
45.45,49.88,60.5,43.33
46.27,49.92,61.26,43.66
46.33,50.02,61.41,43.75
46.34,50.14,61.59,43.86
46.34,50.42,61.79,43.97
46.4,50.76,61.8,44.06
46.46,50.81,61.84,44.27
46.83,51.28,62.01,44.27
47.2,51.65,62.08,44.29
47.76,51.95,62.32,44.41
47.8,52.29,62.39,44.42
48,52.3,62.4,44.46
48.14,52.55,62.41,44.47
48.21,52.6,62.47,44.55
48.61,52.68,62.5,44.63
48.66,52.89,62.65,44.64
48.71,53.32,63.02,44.7
48.86,53.63,63.07,44.72
49.6,53.88,63.09,44.78
49.64,54.05,63.17,44.95
49.65,54.11,63.41,45.07
49.68,54.17,63.59,45.13
49.69,54.3,63.61,45.19
49.77,54.68,63.66,45.23
49.78,54.69,63.83,45.29
49.84,54.75,63.96,45.32
49.92,55.05,64.14,45.33
50.15,55.11,64.15,45.34
50.15,55.12,64.17,45.4
50.21,55.33,64.21,45.45
50.27,55.33,64.27,45.71
50.43,55.47,64.3,45.77
50.44,55.48,64.36,45.92
50.46,55.52,64.39,46
50.48,55.56,64.5,46.15
50.55,55.59,64.51,46.17
50.56,55.75,64.61,46.31
50.63,55.93,64.64,46.59
50.68,55.94,64.75,46.67
50.75,56.34,64.95,46.87
50.82,56.35,64.96,46.96
50.89,56.42,64.97,46.97
50.92,56.53,65.18,47.12
51.1,56.57,65.19,47.18
51.14,56.78,65.21,47.22
51.2,56.78,65.38,47.27
51.25,56.81,65.41,47.3
51.32,56.94,65.42,47.32
51.37,57.09,65.43,47.35
51.58,57.23,65.61,47.48
51.69,57.53,65.64,47.7
51.75,57.58,65.73,47.87
51.75,57.58,65.77,47.92
51.92,57.62,65.82,47.96
51.93,57.69,65.87,48.08
52.05,57.71,65.92,48.15
52.13,57.72,65.98,48.24
52.14,57.77,66.02,48.26
52.33,57.8,66.04,48.34
52.39,57.81,66.06,48.35
52.41,57.83,66.08,48.38
52.42,57.89,66.1,48.41
52.43,57.95,66.18,48.47
52.59,58,66.22,48.57
52.72,58.09,66.24,48.59
52.79,58.13,66.28,48.6
52.8,58.33,66.37,48.64
52.83,58.41,66.45,48.66
52.88,58.5,66.45,48.73
52.88,58.5,66.59,48.82
52.93,58.72,66.64,48.88
52.99,58.76,66.69,48.97
52.99,58.85,66.71,48.99
53.07,59.04,66.74,49.03
53.11,59.06,66.84,49.08
53.17,59.38,66.89,49.11
53.24,59.55,66.97,49.12
53.36,59.67,67.04,49.19
53.42,59.73,67.09,49.23
53.43,59.75,67.1,49.3
53.47,59.8,67.22,49.36
53.48,59.83,67.22,49.68
53.57,59.86,67.26,49.7
53.58,59.91,67.28,49.74
53.59,59.91,67.37,49.77
53.64,59.93,67.46,49.79
53.75,59.94,67.46,49.79
53.77,60.01,67.46,49.82
53.77,60.29,67.49,49.83
53.8,60.5,67.53,49.83
53.82,60.5,67.57,49.9
53.9,60.52,67.65,49.94
53.91,60.67,67.68,49.95
53.95,60.71,67.72,50.06
53.98,60.71,67.74,50.15
54.05,60.84,67.76,50.2
54.14,60.97,67.77,50.24
54.26,60.99,67.8,50.26
54.28,60.99,67.82,50.26
54.29,61.01,67.94,50.27
54.29,61.06,67.96,50.28
54.3,61.08,68,50.38
54.32,61.09,68.01,50.39
54.35,61.12,68.03,50.4
54.38,61.17,68.07,50.74
54.38,61.31,68.08,50.75
54.41,61.31,68.14,50.77
54.42,61.36,68.15,50.92
54.42,61.36,68.23,50.93
54.5,61.45,68.26,50.93
54.54,61.57,68.31,51.06
54.63,61.58,68.36,51.16
54.68,61.64,68.36,51.21
54.72,61.69,68.4,51.21
54.73,61.7,68.42,51.21
54.75,61.78,68.46,51.22
54.76,61.8,68.49,51.26
54.78,61.85,68.56,51.29
54.88,61.94,68.56,51.32
54.89,61.97,68.6,51.33
54.95,62.05,68.6,51.37
55.03,62.08,68.66,51.4
55.04,62.14,68.69,51.48
55.1,62.27,68.71,51.51
55.1,62.28,68.71,51.54
55.18,62.33,68.8,51.61
55.27,62.33,68.89,51.62
55.41,62.4,68.91,51.66
55.44,62.4,68.96,51.68
55.54,62.42,68.98,51.69
55.61,62.42,69.01,51.71
55.66,62.43,69.05,51.8
55.73,62.55,69.09,51.95
55.9,62.55,69.13,51.95
55.92,62.56,69.14,51.95
55.93,62.66,69.14,51.96
56.06,62.7,69.15,52.01
56.08,62.71,69.19,52.06
56.11,62.78,69.26,52.07
56.11,62.86,69.3,52.1
56.19,62.89,69.32,52.13
56.26,62.9,69.36,52.14
56.28,62.92,69.39,52.18
56.31,63,69.42,52.26
56.31,63.08,69.47,52.31
56.33,63.11,69.5,52.32
56.38,63.13,69.52,52.35
56.43,63.26,69.53,52.36
56.51,63.28,69.57,52.43
56.64,63.34,69.59,52.43
56.65,63.41,69.72,52.5
56.69,63.41,69.74,52.5
56.71,63.43,69.75,52.58
56.73,63.47,69.77,52.58
56.77,63.48,69.8,52.58
56.77,63.54,69.85,52.74
56.78,63.56,69.85,52.75
56.88,63.67,69.86,52.77
56.99,63.72,69.9,52.78
56.99,63.75,69.94,52.8
57.03,63.79,70.1,52.82
57.06,63.88,70.14,53.07
57.06,63.89,70.15,53.13
57.07,63.91,70.16,53.14
57.13,63.94,70.17,53.18
57.18,63.97,70.25,53.19
57.25,64.03,70.26,53.24
57.25,64.05,70.28,53.3
57.32,64.1,70.29,53.3
57.38,64.12,70.3,53.33
57.41,64.13,70.33,53.34
57.5,64.14,70.35,53.34
57.52,64.15,70.39,53.38
57.56,64.23,70.43,53.51
57.57,64.27,70.43,53.55
57.64,64.28,70.46,53.57
57.67,64.29,70.46,53.57
57.68,64.29,70.49,53.59
57.73,64.3,70.54,53.63
57.74,64.34,70.55,53.64
57.76,64.35,70.57,53.66
57.78,64.39,70.58,53.83
57.79,64.39,70.6,53.85
57.84,64.42,70.65,53.86
57.96,64.44,70.65,53.86
57.96,64.48,70.68,53.88
57.97,64.52,70.71,53.91
58.04,64.52,70.72,53.96
58.1,64.53,70.81,53.98
58.14,64.62,70.83,54.08
58.17,64.65,70.85,54.1
58.19,64.66,70.86,54.14
58.2,64.69,70.91,54.18
58.22,64.69,70.92,54.27
58.23,64.73,70.92,54.33
58.23,64.78,70.94,54.42
58.26,64.89,70.96,54.44
58.27,64.89,70.99,54.47
58.29,64.9,71,54.49
58.29,64.95,71,54.6
58.29,64.98,71.01,54.63
58.34,65.01,71.03,54.63
58.45,65.03,71.04,54.64
58.55,65.07,71.04,54.66
58.57,65.11,71.04,54.69
58.57,65.13,71.05,54.71
58.66,65.14,71.06,54.73
58.7,65.15,71.1,54.76
58.73,65.19,71.1,54.86
58.77,65.22,71.11,54.89
58.79,65.23,71.15,54.9
58.81,65.24,71.17,54.95
58.82,65.27,71.2,54.98
58.87,65.28,71.2,55.04
58.87,65.3,71.21,55.12
58.87,65.31,71.23,55.14
58.92,65.31,71.24,55.16
58.99,65.38,71.24,55.23
59,65.4,71.25,55.27
59.06,65.43,71.26,55.28
59.08,65.44,71.34,55.29
59.11,65.45,71.34,55.3
59.11,65.56,71.37,55.34
59.12,65.57,71.37,55.39
59.13,65.64,71.39,55.4
59.14,65.65,71.45,55.4
59.16,65.69,71.46,55.41
59.17,65.73,71.48,55.43
59.21,65.75,71.48,55.44
59.21,65.78,71.5,55.46
59.23,65.81,71.53,55.47
59.24,65.87,71.57,55.52
59.31,65.89,71.57,55.54
59.31,65.94,71.57,55.55
59.32,66,71.58,55.57
59.39,66.06,71.59,55.58
59.44,66.08,71.66,55.62
59.5,66.22,71.66,55.62
59.56,66.24,71.82,55.64
59.59,66.24,71.83,55.7
59.6,66.25,71.83,55.71
59.63,66.27,71.84,55.73
59.67,66.27,71.84,55.79
59.75,66.28,71.84,55.87
59.81,66.28,71.94,55.91
59.83,66.34,71.97,55.91
59.87,66.35,71.99,56.04
59.95,66.38,72,56.08
60.01,66.4,72,56.1
60.01,66.44,72.01,56.13
60.02,66.44,72.03,56.13
60.03,66.45,72.08,56.13
60.04,66.48,72.09,56.17
60.07,66.49,72.12,56.24
60.11,66.57,72.13,56.26
60.15,66.57,72.14,56.28
60.17,66.62,72.21,56.31
60.21,66.62,72.23,56.34
60.22,66.66,72.26,56.39
60.24,66.67,72.29,56.39
60.3,66.69,72.3,56.42
60.31,66.7,72.31,56.45
60.32,66.81,72.32,56.46
60.41,66.81,72.33,56.5
60.41,66.81,72.34,56.51
60.45,66.83,72.37,56.55
60.46,66.85,72.4,56.67
60.51,66.85,72.41,56.69
60.51,66.85,72.41,56.7
60.54,66.87,72.41,56.7
60.54,66.92,72.44,56.71
60.55,66.94,72.44,56.71
60.56,66.94,72.46,56.73
60.59,66.99,72.47,56.75
60.6,66.99,72.5,56.77
60.61,67,72.53,56.82
60.67,67.04,72.54,56.86
60.68,67.05,72.56,56.9
60.69,67.09,72.58,56.91
60.71,67.13,72.59,56.91
60.74,67.2,72.61,56.92
60.75,67.25,72.65,56.92
60.77,67.32,72.67,56.94
60.81,67.33,72.67,56.95
60.83,67.35,72.69,56.99
60.83,67.35,72.7,56.99
60.85,67.36,72.71,57
60.92,67.42,72.72,57.02
60.93,67.42,72.72,57.04
60.96,67.44,72.73,57.08
60.96,67.44,72.73,57.15
60.97,67.53,72.74,57.18
60.98,67.61,72.75,57.2
61.08,67.62,72.77,57.26
61.11,67.64,72.8,57.26
61.13,67.65,72.8,57.3
61.19,67.67,72.82,57.32
61.2,67.7,72.82,57.38
61.21,67.72,72.86,57.39
61.22,67.74,72.9,57.39
61.3,67.76,72.9,57.45
61.31,67.76,72.91,57.46
61.33,67.77,72.92,57.51
61.34,67.78,72.96,57.59
61.39,67.79,72.98,57.6
61.41,67.82,72.98,57.6
61.44,67.86,73,57.61
61.44,67.92,73.02,57.64
61.48,67.93,73.06,57.68
61.48,67.94,73.06,57.69
61.49,67.97,73.07,57.8
61.51,67.97,73.1,57.85
61.51,68,73.1,57.89
61.52,68,73.11,57.91
61.6,68.03,73.15,57.95
61.63,68.07,73.15,57.97
61.66,68.14,73.16,58
61.67,68.17,73.17,58.01
61.67,68.2,73.17,58.08
61.68,68.21,73.18,58.1
61.69,68.24,73.18,58.16
61.69,68.26,73.18,58.18
61.7,68.27,73.19,58.22
61.74,68.34,73.2,58.24
61.75,68.43,73.25,58.24
61.77,68.44,73.26,58.24
61.79,68.45,73.28,58.28
61.79,68.45,73.3,58.29
61.81,68.48,73.33,58.35
61.81,68.5,73.34,58.35
61.81,68.52,73.36,58.36
61.88,68.55,73.36,58.41
61.89,68.57,73.38,58.43
61.91,68.6,73.39,58.44
61.97,68.63,73.39,58.46
61.97,68.65,73.41,58.49
61.99,68.67,73.41,58.5
61.99,68.7,73.41,58.54
62,68.75,73.45,58.6
62.01,68.78,73.47,58.62
62.02,68.78,73.47,58.7
62.05,68.79,73.49,58.7
62.06,68.79,73.51,58.71
62.14,68.81,73.51,58.75
62.14,68.82,73.52,58.78
62.16,68.84,73.53,58.78
62.17,68.89,73.53,58.84
62.17,68.9,73.54,58.86
62.18,68.91,73.61,58.87
62.18,68.91,73.61,58.89
62.19,68.92,73.62,58.93
62.23,68.95,73.62,58.97
62.26,68.95,73.63,58.98
62.26,68.96,73.65,58.99
62.26,69,73.66,59.01
62.32,69.02,73.67,59.03
62.34,69.06,73.69,59.03
62.36,69.08,73.71,59.03
62.38,69.12,73.72,59.08
62.4,69.15,73.72,59.08
62.41,69.17,73.75,59.13
62.43,69.17,73.8,59.15
62.46,69.2,73.82,59.16
62.46,69.2,73.85,59.16
62.47,69.22,73.85,59.17
62.47,69.23,73.86,59.23
62.55,69.26,73.87,59.24
62.57,69.27,73.87,59.26
62.59,69.28,73.9,59.28
62.61,69.32,73.92,59.28
62.64,69.34,73.96,59.34
62.66,69.37,73.96,59.35
62.66,69.4,73.97,59.35
62.7,69.4,73.99,59.35
62.71,69.45,74.02,59.38
62.86,69.52,74.02,59.38
62.86,69.53,74.03,59.4
62.89,69.6,74.03,59.44
62.95,69.62,74.03,59.47
62.97,69.63,74.05,59.49
62.99,69.63,74.06,59.52
63.01,69.64,74.07,59.57
63.07,69.64,74.08,59.57
63.09,69.68,74.09,59.59
63.12,69.72,74.09,59.64
63.13,69.72,74.1,59.66
63.14,69.75,74.1,59.67
63.17,69.77,74.12,59.68
63.19,69.78,74.12,59.71
63.2,69.79,74.13,59.72
63.21,69.79,74.13,59.77
63.21,69.87,74.14,59.77
63.24,69.87,74.17,59.88
63.24,69.89,74.17,59.89
63.26,69.9,74.18,59.89
63.28,69.9,74.2,59.91
63.3,69.93,74.21,59.94
63.33,69.94,74.22,59.98
63.41,69.95,74.23,59.99
63.44,69.99,74.24,60.01
63.44,70,74.24,60.02
63.47,70.01,74.24,60.02
63.49,70.01,74.25,60.03
63.5,70.03,74.26,60.04
63.51,70.03,74.28,60.1
63.51,70.04,74.29,60.1
63.51,70.05,74.3,60.11
63.51,70.09,74.31,60.11
63.52,70.16,74.32,60.12
63.54,70.17,74.33,60.14
63.61,70.2,74.37,60.16
63.65,70.2,74.39,60.17
63.66,70.2,74.39,60.32
63.69,70.26,74.4,60.33
63.69,70.26,74.42,60.34
63.72,70.26,74.45,60.35
63.76,70.32,74.46,60.36
63.76,70.33,74.49,60.39
63.82,70.34,74.51,60.41
63.83,70.38,74.51,60.49
63.84,70.42,74.51,60.49
63.86,70.45,74.55,60.52
63.88,70.48,74.58,60.54
63.89,70.5,74.6,60.57
63.9,70.52,74.6,60.57
63.9,70.55,74.61,60.59
63.91,70.57,74.63,60.64
63.94,70.58,74.63,60.72
63.95,70.58,74.64,60.74
63.96,70.59,74.64,60.77
63.97,70.62,74.67,60.8
63.98,70.63,74.7,60.82
64.01,70.63,74.71,60.84
64.02,70.64,74.74,60.86
64.03,70.68,74.74,60.92
64.06,70.68,74.75,60.95
64.08,70.69,74.75,61
64.09,70.79,74.8,61.01
64.1,70.82,74.82,61.06
64.11,70.83,74.86,61.08
64.14,70.88,74.86,61.12
64.16,70.9,74.87,61.12
64.17,70.9,74.87,61.21
64.18,70.9,74.88,61.22
64.23,70.93,74.88,61.27
64.24,70.93,74.89,61.27
64.24,70.94,74.9,61.28
64.25,70.95,74.92,61.34
64.27,70.98,74.93,61.36
64.28,71.02,74.94,61.38
64.28,71.03,74.95,61.4
64.33,71.04,74.97,61.44
64.34,71.05,74.97,61.46
64.35,71.08,75,61.47
64.36,71.08,75.02,61.47
64.4,71.09,75.03,61.48
64.4,71.1,75.04,61.5
64.41,71.11,75.05,61.5
64.46,71.14,75.06,61.53
64.47,71.15,75.07,61.53
64.52,71.15,75.07,61.57
64.67,71.17,75.08,61.63
64.69,71.17,75.09,61.64
64.7,71.22,75.09,61.65
64.71,71.24,75.13,61.7
64.74,71.25,75.13,61.72
64.76,71.3,75.15,61.73
64.8,71.3,75.15,61.75
64.8,71.31,75.17,61.83
64.81,71.32,75.17,61.83
64.85,71.33,75.18,61.84
64.88,71.34,75.19,61.92
65.02,71.42,75.2,61.94
65.05,71.43,75.21,61.98
65.1,71.44,75.22,61.99
65.1,71.47,75.23,62.01
65.14,71.48,75.23,62.02
65.16,71.52,75.28,62.04
65.18,71.54,75.28,62.05
65.18,71.55,75.29,62.08
65.18,71.55,75.31,62.09
65.18,71.56,75.31,62.09
65.21,71.56,75.33,62.22
65.22,71.58,75.34,62.29
65.23,71.59,75.35,62.29
65.26,71.59,75.39,62.3
65.27,71.64,75.42,62.31
65.27,71.67,75.44,62.35
65.3,71.68,75.44,62.35
65.31,71.69,75.49,62.4
65.31,71.7,75.53,62.44
65.33,71.71,75.55,62.46
65.34,71.74,75.55,62.53
65.36,71.78,75.55,62.54
65.38,71.79,75.55,62.58
65.38,71.8,75.56,62.64
65.44,71.88,75.57,62.66
65.46,71.89,75.58,62.73
65.47,71.89,75.58,63.03
65.47,71.9,75.59,63.17
65.48,71.91,75.61,63.17
65.48,71.99,75.64,63.18
65.52,72,75.65,63.22
65.54,72.01,75.65,63.23
65.56,72.03,75.65,63.28
65.56,72.03,75.67,63.32
65.57,72.06,75.68,63.38
65.58,72.08,75.71,63.45
65.61,72.1,75.73,63.48
65.65,72.11,75.75,63.52
65.69,72.13,75.76,63.53
65.71,72.13,75.76,63.53
65.74,72.14,75.77,63.55
65.78,72.16,75.79,63.55
65.79,72.21,75.8,63.64
65.82,72.21,75.81,63.81
65.85,72.22,75.83,63.83
65.87,72.23,75.83,63.84
65.88,72.24,75.84,63.92
65.9,72.24,75.88,63.94
65.9,72.25,75.88,63.98
65.91,72.29,75.88,63.98
65.96,72.29,75.88,64.12
65.96,72.32,75.88,64.13
66,72.35,75.89,64.14
66.01,72.36,75.9,64.17
66.01,72.43,75.91,64.17
66.01,72.46,75.91,64.3
66.03,72.46,75.93,64.3
66.06,72.51,75.93,64.33
66.07,72.6,75.93,64.35
66.11,72.6,75.94,64.39
66.12,72.64,75.94,64.41
66.18,72.64,75.94,64.42
66.2,72.65,75.94,64.43
66.24,72.7,75.95,64.47
66.28,72.75,75.95,64.48
66.33,72.78,75.96,64.5
66.36,72.81,75.96,64.53
66.4,72.83,76.01,64.54
66.41,72.83,76.02,64.55
66.41,72.9,76.03,64.56
66.43,72.91,76.05,64.57
66.46,72.93,76.07,64.61
66.48,72.95,76.08,64.61
66.49,72.96,76.08,64.65
66.53,72.97,76.08,64.94
66.54,72.97,76.09,64.98
66.56,73,76.09,65
66.57,73.01,76.1,65.03
66.58,73.01,76.1,65.13
66.6,73.02,76.1,65.2
66.62,73.05,76.1,65.32
66.65,73.07,76.12,65.33
66.65,73.08,76.12,65.38
66.66,73.1,76.12,65.38
66.69,73.13,76.14,65.41
66.69,73.14,76.14,65.41
66.71,73.15,76.14,65.44
66.71,73.16,76.15,65.46
66.72,73.21,76.17,65.46
66.78,73.22,76.17,65.51
66.78,73.24,76.17,65.77
66.87,73.24,76.18,65.86
66.88,73.27,76.22,65.99
66.88,73.27,76.22,66.03
66.9,73.28,76.23,66.05
66.9,73.29,76.26,66.2
66.9,73.32,76.26,66.21
66.91,73.39,76.27,66.25
66.91,73.42,76.27,66.48
66.93,73.44,76.28,66.49
66.97,73.47,76.3,66.73
66.97,73.5,76.31,66.74
66.98,73.52,76.32,66.88
66.99,73.53,76.32,66.94
66.99,73.53,76.32,67.05
66.99,73.54,76.34,67.08
67.11,73.55,76.34,67.21
67.13,73.56,76.35,67.21
67.14,73.57,76.36,67.34
67.15,73.6,76.36,67.37
67.15,73.61,76.37,67.4
67.15,73.61,76.4,67.48
67.16,73.63,76.4,67.52
67.18,73.64,76.4,67.56
67.21,73.64,76.42,67.57
67.23,73.65,76.42,67.59
67.27,73.7,76.43,67.66
67.29,73.71,76.44,67.68
67.31,73.71,76.47,67.71
67.35,73.74,76.48,67.82
67.38,73.76,76.49,67.92
67.38,73.78,76.5,67.94
67.4,73.81,76.51,67.97
67.43,73.83,76.51,68.03
67.44,73.83,76.51,68.09
67.46,73.84,76.55,68.11
67.46,73.84,76.57,68.16
67.47,73.88,76.57,68.21
67.49,73.88,76.57,68.25
67.49,73.88,76.58,68.34
67.54,73.89,76.58,68.54
67.54,73.9,76.6,68.6
67.57,73.97,76.6,68.72
67.63,73.99,76.62,68.82
67.64,74.01,76.62,68.9
67.65,74.01,76.64,68.91
67.65,74.02,76.68,69.15
67.66,74.06,76.69,69.17
67.67,74.09,76.69,69.18
67.67,74.11,76.69,69.19
67.71,74.12,76.7,69.22
67.77,74.13,76.71,69.22
67.8,74.14,76.72,69.26
67.81,74.16,76.73,69.32
67.83,74.23,76.74,69.33
67.84,74.23,76.74,69.43
67.85,74.25,76.75,69.52
67.87,74.27,76.77,69.56
67.88,74.27,76.78,69.66
67.91,74.29,76.78,69.66
67.92,74.3,76.79,69.67
67.92,74.33,76.8,69.7
67.95,74.34,76.8,69.72
67.96,74.36,76.83,69.84
67.97,74.37,76.83,69.88
67.99,74.41,76.85,69.9
68.01,74.46,76.86,69.91
68.01,74.46,76.86,69.91
68.01,74.46,76.87,69.95
68.07,74.53,76.87,70.05
68.09,74.54,76.88,70.06
68.11,74.55,76.88,70.08
68.11,74.56,76.89,70.12
68.11,74.59,76.89,70.14
68.11,74.6,76.9,70.15
68.13,74.6,76.92,70.21
68.18,74.61,76.96,70.22
68.2,74.67,76.96,70.33
68.2,74.67,76.96,70.48
68.24,74.72,76.97,70.58
68.24,74.74,76.97,70.6
68.24,74.77,76.98,70.64
68.28,74.78,77,70.65
68.31,74.78,77,70.81
68.32,74.79,77.01,70.97
68.33,74.86,77.02,71
68.37,74.86,77.02,71.03
68.42,74.87,77.02,71.14
68.43,74.87,77.03,71.24
68.44,74.89,77.05,71.26
68.44,74.9,77.06,71.29
68.49,74.91,77.06,71.51
68.5,74.91,77.07,71.67
68.51,74.92,77.07,71.95
68.56,74.93,77.08,72.08
68.56,74.96,77.08,72.13
68.57,75,77.08,72.2
68.63,75,77.09,72.24
68.64,75,77.09,72.37
68.64,75.01,77.09,72.4
68.66,75.02,77.1,72.61
68.67,75.04,77.1,72.99
68.67,75.07,77.12,73.17
68.7,75.08,77.12,73.31
68.73,75.09,77.12,73.43
68.75,75.13,77.13,73.43
68.76,75.15,77.14,73.53
68.77,75.18,77.14,74.08
68.78,75.26,77.15,74.09
68.8,75.29,77.16,74.24
68.8,75.3,77.16,74.29
68.87,75.31,77.16,74.37
68.87,75.32,77.18,74.42
68.88,75.33,77.19,74.8
68.92,75.4,77.2,74.9
68.94,75.44,77.21,75.06
68.95,75.45,77.24,75.15
68.95,75.45,77.25,75.22
68.96,75.45,77.25,75.32
69,75.47,77.25,75.36
69.03,75.48,77.25,75.39
69.07,75.53,77.26,75.68
69.08,75.53,77.27,75.85
69.1,75.54,77.27,75.87
69.11,75.56,77.29,75.89
69.12,75.57,77.29,75.92
69.13,75.58,77.3,75.97
69.16,75.6,77.3,75.98
69.16,75.62,77.3,76.17
69.19,75.64,77.31,77.64
69.22,75.65,77.32,77.65
69.23,75.66,77.35,77.93
69.26,75.67,77.36,78.13
69.27,75.69,77.36,78.18
69.3,75.7,77.36,80.28
69.32,75.71,77.36,80.76
69.33,75.79,77.37,80.92
69.34,75.8,77.4,81.96
69.34,75.82,77.4,82.13
69.35,75.84,77.4,82.79
69.37,75.85,77.41,82.89
69.44,75.85,77.42,83.14
69.47,75.86,77.43,83.16
69.5,75.87,77.45,83.88
69.51,75.88,77.47,84.76
69.54,75.91,77.47,85.46
69.54,75.91,77.48,88.52
69.56,75.91,77.49,
69.56,76,77.49,
69.56,76.01,77.5,
69.57,76.01,77.51,
69.6,76.01,77.51,
69.61,76.02,77.52,
69.62,76.07,77.54,
69.62,76.07,77.54,
69.63,76.18,77.56,
69.65,76.19,77.56,
69.73,76.21,77.56,
69.75,76.22,77.57,
69.75,76.24,77.58,
69.77,76.26,77.59,
69.78,76.27,77.61,
69.89,76.27,77.61,
69.95,76.32,77.61,
70.01,76.36,77.62,
70.04,76.41,77.62,
70.04,76.44,77.62,
70.05,76.45,77.63,
70.08,76.45,77.64,
70.08,76.46,77.64,
70.1,76.49,77.66,
70.1,76.52,77.67,
70.16,76.52,77.67,
70.18,76.54,77.68,
70.18,76.54,77.7,
70.18,76.55,77.71,
70.24,76.55,77.71,
70.25,76.57,77.72,
70.25,76.58,77.73,
70.27,76.59,77.73,
70.29,76.61,77.74,
70.3,76.68,77.75,
70.3,76.69,77.76,
70.32,76.73,77.76,
70.33,76.74,77.77,
70.33,76.75,77.77,
70.35,76.77,77.79,
70.36,76.77,77.79,
70.39,76.78,77.8,
70.41,76.78,77.8,
70.44,76.81,77.81,
70.46,76.86,77.81,
70.47,76.91,77.81,
70.48,76.91,77.81,
70.56,76.92,77.81,
70.56,76.93,77.81,
70.56,76.95,77.83,
70.57,76.97,77.85,
70.57,77,77.85,
70.58,77.01,77.88,
70.64,77.04,77.88,
70.64,77.05,77.88,
70.66,77.06,77.88,
70.7,77.07,77.89,
70.72,77.08,77.89,
70.74,77.11,77.9,
70.75,77.11,77.91,
70.78,77.11,77.92,
70.79,77.12,77.93,
70.84,77.17,77.93,
70.85,77.17,77.94,
70.86,77.19,77.94,
70.91,77.21,77.94,
70.94,77.26,77.95,
70.97,77.28,77.95,
70.98,77.3,77.97,
71.04,77.31,77.98,
71.04,77.31,77.99,
71.09,77.33,77.99,
71.09,77.35,77.99,
71.14,77.35,78.01,
71.15,77.37,78.02,
71.16,77.37,78.02,
71.16,77.41,78.02,
71.17,77.41,78.03,
71.17,77.44,78.03,
71.2,77.46,78.03,
71.21,77.47,78.04,
71.22,77.48,78.04,
71.26,77.49,78.05,
71.27,77.5,78.05,
71.3,77.51,78.07,
71.3,77.53,78.07,
71.32,77.58,78.08,
71.39,77.61,78.08,
71.39,77.62,78.09,
71.41,77.63,78.1,
71.42,77.66,78.11,
71.43,77.71,78.12,
71.44,77.75,78.12,
71.45,77.76,78.12,
71.45,77.78,78.14,
71.45,77.79,78.19,
71.45,77.79,78.19,
71.46,77.81,78.2,
71.48,77.85,78.2,
71.48,77.86,78.2,
71.52,77.88,78.22,
71.57,77.88,78.22,
71.61,77.94,78.23,
71.71,77.95,78.23,
71.71,77.96,78.23,
71.72,78.01,78.24,
71.74,78.03,78.25,
71.75,78.08,78.25,
71.76,78.11,78.25,
71.77,78.11,78.26,
71.8,78.11,78.27,
71.81,78.12,78.29,
71.88,78.13,78.29,
71.89,78.17,78.3,
71.89,78.18,78.31,
71.92,78.19,78.31,
71.92,78.19,78.33,
71.93,78.25,78.33,
71.94,78.27,78.34,
71.95,78.29,78.34,
72,78.31,78.35,
72,78.31,78.35,
72.01,78.32,78.35,
72.03,78.41,78.36,
72.06,78.42,78.36,
72.14,78.43,78.36,
72.16,78.49,78.38,
72.23,78.5,78.39,
72.26,78.54,78.39,
72.32,78.55,78.41,
72.38,78.61,78.42,
72.4,78.65,78.43,
72.41,78.66,78.43,
72.43,78.68,78.44,
72.44,78.68,78.44,
72.45,78.71,78.47,
72.52,78.75,78.47,
72.54,78.77,78.48,
72.56,78.77,78.48,
72.56,78.77,78.49,
72.57,78.77,78.5,
72.61,78.79,78.52,
72.62,78.81,78.52,
72.63,78.87,78.53,
72.65,78.87,78.53,
72.68,78.91,78.53,
72.69,78.93,78.55,
72.71,78.94,78.55,
72.72,78.94,78.56,
72.74,78.95,78.57,
72.75,79.02,78.57,
72.76,79.02,78.58,
72.82,79.05,78.59,
72.84,79.05,78.62,
72.86,79.11,78.64,
72.9,79.13,78.65,
72.9,79.14,78.65,
72.93,79.15,78.67,
72.94,79.21,78.67,
72.96,79.23,78.68,
73,79.23,78.68,
73.01,79.24,78.68,
73.03,79.24,78.69,
73.04,79.29,78.69,
73.08,79.35,78.7,
73.09,79.37,78.71,
73.12,79.43,78.72,
73.13,79.44,78.72,
73.14,79.45,78.72,
73.15,79.46,78.72,
73.16,79.49,78.76,
73.19,79.49,78.76,
73.27,79.5,78.76,
73.28,79.5,78.76,
73.3,79.52,78.77,
73.41,79.56,78.78,
73.42,79.71,78.79,
73.46,79.71,78.79,
73.48,79.85,78.8,
73.5,79.87,78.8,
73.54,79.87,78.8,
73.55,79.9,78.8,
73.57,79.92,78.81,
73.58,79.93,78.82,
73.58,79.98,78.83,
73.6,80.01,78.83,
73.67,80.01,78.84,
73.7,80.02,78.84,
73.71,80.02,78.85,
73.76,80.03,78.85,
73.8,80.08,78.85,
73.91,80.11,78.86,
73.94,80.12,78.87,
73.95,80.15,78.9,
73.96,80.15,78.91,
73.96,80.18,78.93,
74.01,80.23,78.93,
74.01,80.23,78.93,
74.08,80.25,78.95,
74.1,80.28,78.96,
74.1,80.28,78.97,
74.12,80.37,78.97,
74.17,80.37,78.97,
74.19,80.38,78.98,
74.27,80.4,78.99,
74.27,80.41,78.99,
74.29,80.41,78.99,
74.3,80.41,79,
74.36,80.42,79,
74.38,80.42,79.03,
74.38,80.45,79.03,
74.43,80.53,79.03,
74.45,80.53,79.03,
74.47,80.56,79.03,
74.49,80.58,79.04,
74.62,80.6,79.05,
74.65,80.61,79.05,
74.69,80.62,79.06,
74.69,80.8,79.06,
74.7,80.82,79.07,
74.74,80.86,79.08,
74.82,80.87,79.08,
74.83,80.95,79.09,
74.87,80.96,79.09,
74.89,80.96,79.1,
74.91,80.96,79.1,
74.97,80.96,79.11,
75.06,80.99,79.11,
75.06,81.01,79.11,
75.07,81.03,79.12,
75.09,81.05,79.12,
75.1,81.05,79.13,
75.12,81.06,79.13,
75.15,81.07,79.15,
75.15,81.08,79.15,
75.16,81.16,79.15,
75.17,81.18,79.16,
75.24,81.2,79.17,
75.26,81.23,79.17,
75.33,81.25,79.17,
75.34,81.3,79.18,
75.34,81.33,79.19,
75.36,81.35,79.19,
75.36,81.36,79.19,
75.39,81.37,79.2,
75.41,81.47,79.2,
75.45,81.5,79.2,
75.45,81.52,79.2,
75.46,81.52,79.21,
75.53,81.53,79.23,
75.54,81.57,79.23,
75.6,81.59,79.24,
75.61,81.62,79.25,
75.62,81.66,79.26,
75.68,81.68,79.26,
75.71,81.69,79.27,
75.73,81.7,79.27,
75.8,81.72,79.28,
75.81,81.74,79.28,
75.81,81.76,79.29,
75.87,81.76,79.29,
75.94,81.77,79.29,
75.98,81.8,79.3,
76.07,81.81,79.31,
76.09,81.85,79.31,
76.11,81.85,79.31,
76.11,81.85,79.31,
76.15,81.86,79.33,
76.16,81.88,79.33,
76.25,81.88,79.33,
76.25,81.89,79.34,
76.27,81.93,79.34,
76.29,81.97,79.35,
76.29,81.98,79.37,
76.33,81.98,79.37,
76.35,82.03,79.38,
76.4,82.1,79.38,
76.4,82.11,79.39,
76.41,82.14,79.39,
76.43,82.18,79.39,
76.43,82.23,79.41,
76.44,82.25,79.42,
76.49,82.25,79.42,
76.52,82.28,79.45,
76.55,82.3,79.45,
76.55,82.31,79.46,
76.66,82.32,79.46,
76.68,82.33,79.46,
76.68,82.36,79.47,
76.73,82.37,79.47,
76.91,82.58,79.48,
76.92,82.59,79.48,
76.98,82.62,79.5,
76.98,82.64,79.51,
76.99,82.65,79.51,
77.01,82.72,79.51,
77.01,82.76,79.51,
77.01,82.78,79.52,
77.13,82.87,79.53,
77.2,82.88,79.54,
77.24,82.88,79.54,
77.34,82.95,79.55,
77.43,82.96,79.55,
77.43,83.01,79.55,
77.49,83.04,79.56,
77.56,83.24,79.57,
77.58,83.24,79.58,
77.69,83.29,79.6,
77.72,83.3,79.61,
77.75,83.31,79.61,
77.83,83.32,79.62,
77.91,83.33,79.64,
77.93,83.33,79.65,
77.94,83.35,79.65,
77.96,83.4,79.65,
78.07,83.44,79.65,
78.1,83.48,79.66,
78.11,83.51,79.66,
78.13,83.56,79.68,
78.2,83.56,79.68,
78.2,83.58,79.69,
78.2,83.64,79.69,
78.28,83.74,79.69,
78.3,83.75,79.7,
78.3,83.83,79.7,
78.32,83.94,79.72,
78.35,83.97,79.72,
78.51,84.09,79.72,
78.6,84.13,79.72,
78.66,84.17,79.72,
78.67,84.2,79.72,
78.7,84.2,79.72,
78.78,84.21,79.73,
78.8,84.24,79.73,
78.83,84.29,79.74,
78.83,84.33,79.74,
78.88,84.37,79.76,
78.93,84.47,79.76,
78.98,84.61,79.76,
79,84.61,79.76,
79.1,84.64,79.76,
79.15,84.69,79.77,
79.37,84.71,79.78,
79.43,84.82,79.78,
79.44,84.87,79.78,
79.47,84.87,79.78,
79.5,84.88,79.79,
79.51,84.92,79.8,
79.52,84.93,79.8,
79.55,85.02,79.8,
79.55,85.03,79.81,
79.6,85.07,79.81,
79.79,85.09,79.81,
79.83,85.11,79.82,
79.89,85.15,79.83,
79.95,85.16,79.84,
80,85.17,79.84,
80.02,85.25,79.85,
80.07,85.31,79.86,
80.07,85.31,79.87,
80.13,85.35,79.88,
80.15,85.6,79.88,
80.16,85.76,79.91,
80.2,85.79,79.92,
80.31,85.96,79.92,
80.34,85.98,79.93,
80.39,86,79.93,
80.58,86.01,79.95,
80.77,86.04,79.95,
80.92,86.07,79.96,
80.92,86.19,79.96,
80.99,86.33,79.96,
81.23,86.33,79.97,
81.28,86.4,79.97,
81.48,86.43,79.97,
81.52,86.51,79.98,
81.61,86.54,79.98,
81.76,86.61,79.98,
81.77,86.62,79.98,
81.87,86.65,79.99,
82.05,86.67,79.99,
82.08,86.76,79.99,
82.16,86.84,79.99,
82.26,86.85,80,
82.43,86.91,80.01,
82.44,86.93,80.02,
82.46,86.97,80.02,
82.56,86.98,80.04,
82.56,87.09,80.07,
82.61,87.12,80.07,
82.61,87.29,80.08,
82.63,87.35,80.08,
82.66,87.48,80.08,
82.72,87.51,80.1,
82.83,87.54,80.1,
82.85,87.64,80.11,
82.94,87.68,80.12,
82.98,87.69,80.12,
83.03,87.75,80.12,
83.04,87.8,80.12,
83.1,87.82,80.12,
83.18,87.96,80.12,
83.22,87.97,80.13,
83.27,88,80.13,
83.29,88.08,80.13,
83.31,88.09,80.13,
83.31,88.18,80.14,
83.4,88.22,80.14,
83.42,88.35,80.14,
83.42,88.39,80.15,
83.66,88.53,80.17,
83.83,88.59,80.17,
83.99,88.62,80.18,
84,88.75,80.18,
84.2,88.83,80.18,
84.24,88.93,80.2,
84.24,88.95,80.2,
84.27,89.09,80.2,
84.31,89.14,80.2,
84.36,89.17,80.21,
84.42,89.34,80.21,
84.46,89.46,80.23,
84.71,89.68,80.24,
84.74,89.79,80.24,
84.78,90.05,80.24,
84.84,90.51,80.24,
85.02,90.52,80.24,
85.02,90.73,80.25,
85.09,90.74,80.26,
85.23,90.82,80.26,
86.15,90.99,80.26,
86.23,91.02,80.26,
86.37,91.21,80.26,
86.38,91.29,80.27,
87.32,91.32,80.27,
87.39,91.33,80.28,
87.39,91.53,80.29,
87.65,91.97,80.3,
87.71,92.1,80.31,
88.11,92.2,80.31,
88.28,92.27,80.31,
88.58,92.33,80.32,
89.65,92.57,80.32,
89.88,92.66,80.32,
90.09,92.77,80.33,
90.3,93.13,80.35,
90.3,93.42,80.35,
90.36,93.54,80.37,
90.54,93.96,80.37,
90.76,94,80.37,
91,94.11,80.37,
91.03,94.46,80.38,
91.33,94.73,80.38,
91.36,94.96,80.38,
91.38,95.18,80.38,
91.66,96.31,80.39,
91.93,97.17,80.39,
92.6,98.53,80.4,
,,80.4,
,,80.41,
,,80.41,
,,80.42,
,,80.43,
,,80.44,
,,80.44,
,,80.45,
,,80.45,
,,80.46,
,,80.46,
,,80.47,
,,80.47,
,,80.47,
,,80.48,
,,80.48,
,,80.49,
,,80.49,
,,80.49,
,,80.5,
,,80.5,
,,80.51,
,,80.51,
,,80.52,
,,80.53,
,,80.53,
,,80.54,
,,80.54,
,,80.54,
,,80.56,
,,80.57,
,,80.58,
,,80.58,
,,80.58,
,,80.58,
,,80.59,
,,80.59,
,,80.6,
,,80.6,
,,80.61,
,,80.63,
,,80.64,
,,80.64,
,,80.66,
,,80.66,
,,80.66,
,,80.67,
,,80.68,
,,80.69,
,,80.69,
,,80.69,
,,80.7,
,,80.72,
,,80.72,
,,80.72,
,,80.74,
,,80.74,
,,80.74,
,,80.76,
,,80.76,
,,80.77,
,,80.77,
,,80.78,
,,80.78,
,,80.78,
,,80.78,
,,80.79,
,,80.79,
,,80.79,
,,80.8,
,,80.8,
,,80.8,
,,80.8,
,,80.8,
,,80.81,
,,80.81,
,,80.81,
,,80.82,
,,80.82,
,,80.82,
,,80.82,
,,80.82,
,,80.83,
,,80.83,
,,80.85,
,,80.85,
,,80.85,
,,80.85,
,,80.85,
,,80.86,
,,80.87,
,,80.87,
,,80.88,
,,80.88,
,,80.89,
,,80.89,
,,80.9,
,,80.9,
,,80.91,
,,80.91,
,,80.91,
,,80.92,
,,80.92,
,,80.92,
,,80.93,
,,80.93,
,,80.93,
,,80.93,
,,80.93,
,,80.94,
,,80.94,
,,80.94,
,,80.95,
,,80.95,
,,80.96,
,,80.97,
,,80.98,
,,80.98,
,,80.98,
,,80.98,
,,80.98,
,,80.98,
,,80.98,
,,80.99,
,,80.99,
,,80.99,
,,81,
,,81,
,,81.01,
,,81.01,
,,81.01,
,,81.01,
,,81.02,
,,81.03,
,,81.04,
,,81.04,
,,81.04,
,,81.05,
,,81.06,
,,81.07,
,,81.07,
,,81.07,
,,81.08,
,,81.1,
,,81.1,
,,81.1,
,,81.1,
,,81.11,
,,81.11,
,,81.12,
,,81.12,
,,81.13,
,,81.13,
,,81.14,
,,81.14,
,,81.14,
,,81.15,
,,81.15,
,,81.15,
,,81.15,
,,81.16,
,,81.16,
,,81.18,
,,81.19,
,,81.19,
,,81.19,
,,81.2,
,,81.21,
,,81.21,
,,81.21,
,,81.21,
,,81.22,
,,81.22,
,,81.22,
,,81.23,
,,81.23,
,,81.24,
,,81.24,
,,81.25,
,,81.25,
,,81.25,
,,81.26,
,,81.26,
,,81.26,
,,81.26,
,,81.26,
,,81.27,
,,81.28,
,,81.28,
,,81.28,
,,81.28,
,,81.28,
,,81.29,
,,81.29,
,,81.29,
,,81.3,
,,81.31,
,,81.31,
,,81.31,
,,81.33,
,,81.33,
,,81.33,
,,81.33,
,,81.34,
,,81.34,
,,81.34,
,,81.35,
,,81.36,
,,81.36,
,,81.37,
,,81.37,
,,81.37,
,,81.37,
,,81.37,
,,81.37,
,,81.38,
,,81.38,
,,81.39,
,,81.39,
,,81.39,
,,81.39,
,,81.39,
,,81.4,
,,81.41,
,,81.41,
,,81.42,
,,81.42,
,,81.42,
,,81.42,
,,81.43,
,,81.43,
,,81.43,
,,81.44,
,,81.44,
,,81.44,
,,81.44,
,,81.45,
,,81.46,
,,81.46,
,,81.47,
,,81.47,
,,81.48,
,,81.48,
,,81.48,
,,81.48,
,,81.48,
,,81.49,
,,81.49,
,,81.5,
,,81.51,
,,81.51,
,,81.51,
,,81.51,
,,81.51,
,,81.53,
,,81.53,
,,81.54,
,,81.55,
,,81.55,
,,81.56,
,,81.56,
,,81.56,
,,81.57,
,,81.57,
,,81.57,
,,81.58,
,,81.58,
,,81.58,
,,81.58,
,,81.58,
,,81.59,
,,81.59,
,,81.6,
,,81.61,
,,81.61,
,,81.63,
,,81.63,
,,81.63,
,,81.63,
,,81.65,
,,81.65,
,,81.65,
,,81.65,
,,81.65,
,,81.65,
,,81.65,
,,81.66,
,,81.66,
,,81.66,
,,81.66,
,,81.67,
,,81.67,
,,81.67,
,,81.68,
,,81.68,
,,81.68,
,,81.7,
,,81.7,
,,81.71,
,,81.71,
,,81.72,
,,81.72,
,,81.72,
,,81.72,
,,81.72,
,,81.73,
,,81.73,
,,81.73,
,,81.73,
,,81.74,
,,81.74,
,,81.75,
,,81.75,
,,81.75,
,,81.75,
,,81.77,
,,81.77,
,,81.78,
,,81.78,
,,81.78,
,,81.78,
,,81.8,
,,81.8,
,,81.8,
,,81.8,
,,81.81,
,,81.82,
,,81.82,
,,81.82,
,,81.82,
,,81.83,
,,81.83,
,,81.84,
,,81.84,
,,81.84,
,,81.85,
,,81.86,
,,81.86,
,,81.86,
,,81.86,
,,81.87,
,,81.87,
,,81.87,
,,81.87,
,,81.88,
,,81.88,
,,81.88,
,,81.88,
,,81.88,
,,81.89,
,,81.9,
,,81.9,
,,81.91,
,,81.91,
,,81.91,
,,81.92,
,,81.92,
,,81.94,
,,81.94,
,,81.94,
,,81.95,
,,81.95,
,,81.95,
,,81.95,
,,81.96,
,,81.96,
,,81.96,
,,81.97,
,,81.97,
,,81.97,
,,81.97,
,,81.97,
,,81.97,
,,81.97,
,,81.99,
,,81.99,
,,81.99,
,,82,
,,82,
,,82,
,,82.01,
,,82.02,
,,82.02,
,,82.02,
,,82.02,
,,82.03,
,,82.03,
,,82.04,
,,82.04,
,,82.04,
,,82.05,
,,82.05,
,,82.05,
,,82.05,
,,82.06,
,,82.07,
,,82.07,
,,82.08,
,,82.08,
,,82.08,
,,82.08,
,,82.08,
,,82.09,
,,82.1,
,,82.1,
,,82.1,
,,82.11,
,,82.11,
,,82.11,
,,82.12,
,,82.12,
,,82.13,
,,82.13,
,,82.13,
,,82.13,
,,82.13,
,,82.14,
,,82.14,
,,82.15,
,,82.15,
,,82.15,
,,82.15,
,,82.15,
,,82.16,
,,82.16,
,,82.16,
,,82.16,
,,82.16,
,,82.17,
,,82.17,
,,82.17,
,,82.18,
,,82.19,
,,82.2,
,,82.2,
,,82.2,
,,82.2,
,,82.2,
,,82.22,
,,82.23,
,,82.23,
,,82.24,
,,82.24,
,,82.25,
,,82.25,
,,82.25,
,,82.26,
,,82.26,
,,82.26,
,,82.27,
,,82.27,
,,82.27,
,,82.27,
,,82.27,
,,82.28,
,,82.28,
,,82.28,
,,82.3,
,,82.3,
,,82.31,
,,82.31,
,,82.31,
,,82.32,
,,82.32,
,,82.32,
,,82.33,
,,82.33,
,,82.34,
,,82.34,
,,82.35,
,,82.36,
,,82.36,
,,82.37,
,,82.37,
,,82.37,
,,82.38,
,,82.38,
,,82.38,
,,82.39,
,,82.39,
,,82.4,
,,82.4,
,,82.41,
,,82.41,
,,82.42,
,,82.42,
,,82.42,
,,82.42,
,,82.43,
,,82.43,
,,82.44,
,,82.44,
,,82.44,
,,82.45,
,,82.45,
,,82.45,
,,82.46,
,,82.47,
,,82.48,
,,82.49,
,,82.49,
,,82.49,
,,82.5,
,,82.5,
,,82.5,
,,82.5,
,,82.5,
,,82.51,
,,82.51,
,,82.51,
,,82.52,
,,82.52,
,,82.52,
,,82.53,
,,82.53,
,,82.53,
,,82.53,
,,82.54,
,,82.54,
,,82.54,
,,82.55,
,,82.55,
,,82.56,
,,82.56,
,,82.58,
,,82.58,
,,82.58,
,,82.59,
,,82.59,
,,82.59,
,,82.6,
,,82.6,
,,82.61,
,,82.62,
,,82.62,
,,82.63,
,,82.63,
,,82.63,
,,82.64,
,,82.64,
,,82.65,
,,82.66,
,,82.69,
,,82.7,
,,82.7,
,,82.7,
,,82.7,
,,82.7,
,,82.7,
,,82.7,
,,82.71,
,,82.71,
,,82.71,
,,82.71,
,,82.72,
,,82.72,
,,82.72,
,,82.73,
,,82.73,
,,82.73,
,,82.74,
,,82.74,
,,82.74,
,,82.74,
,,82.74,
,,82.75,
,,82.75,
,,82.75,
,,82.76,
,,82.76,
,,82.76,
,,82.77,
,,82.77,
,,82.78,
,,82.78,
,,82.79,
,,82.8,
,,82.8,
,,82.81,
,,82.81,
,,82.81,
,,82.81,
,,82.81,
,,82.82,
,,82.82,
,,82.83,
,,82.83,
,,82.83,
,,82.83,
,,82.84,
,,82.84,
,,82.84,
,,82.85,
,,82.85,
,,82.85,
,,82.86,
,,82.86,
,,82.86,
,,82.86,
,,82.86,
,,82.87,
,,82.87,
,,82.87,
,,82.87,
,,82.87,
,,82.88,
,,82.89,
,,82.89,
,,82.89,
,,82.89,
,,82.9,
,,82.9,
,,82.9,
,,82.9,
,,82.91,
,,82.91,
,,82.92,
,,82.92,
,,82.92,
,,82.92,
,,82.93,
,,82.93,
,,82.93,
,,82.93,
,,82.94,
,,82.94,
,,82.95,
,,82.95,
,,82.96,
,,82.96,
,,82.96,
,,82.97,
,,82.97,
,,82.98,
,,82.98,
,,82.98,
,,82.99,
,,82.99,
,,82.99,
,,82.99,
,,83,
,,83,
,,83,
,,83.01,
,,83.01,
,,83.01,
,,83.01,
,,83.01,
,,83.02,
,,83.02,
,,83.03,
,,83.04,
,,83.04,
,,83.04,
,,83.05,
,,83.05,
,,83.06,
,,83.06,
,,83.07,
,,83.07,
,,83.07,
,,83.07,
,,83.08,
,,83.08,
,,83.08,
,,83.09,
,,83.09,
,,83.09,
,,83.09,
,,83.11,
,,83.11,
,,83.12,
,,83.12,
,,83.12,
,,83.12,
,,83.13,
,,83.13,
,,83.13,
,,83.14,
,,83.14,
,,83.15,
,,83.15,
,,83.15,
,,83.16,
,,83.16,
,,83.16,
,,83.16,
,,83.17,
,,83.17,
,,83.17,
,,83.17,
,,83.17,
,,83.18,
,,83.18,
,,83.18,
,,83.19,
,,83.19,
,,83.2,
,,83.2,
,,83.21,
,,83.21,
,,83.21,
,,83.21,
,,83.22,
,,83.22,
,,83.23,
,,83.24,
,,83.25,
,,83.25,
,,83.26,
,,83.26,
,,83.26,
,,83.26,
,,83.26,
,,83.28,
,,83.28,
,,83.28,
,,83.28,
,,83.28,
,,83.28,
,,83.29,
,,83.29,
,,83.29,
,,83.29,
,,83.29,
,,83.3,
,,83.3,
,,83.3,
,,83.31,
,,83.31,
,,83.31,
,,83.32,
,,83.32,
,,83.32,
,,83.32,
,,83.33,
,,83.33,
,,83.33,
,,83.34,
,,83.34,
,,83.34,
,,83.35,
,,83.35,
,,83.35,
,,83.35,
,,83.35,
,,83.36,
,,83.36,
,,83.36,
,,83.37,
,,83.38,
,,83.38,
,,83.38,
,,83.38,
,,83.39,
,,83.39,
,,83.4,
,,83.41,
,,83.41,
,,83.41,
,,83.42,
,,83.43,
,,83.43,
,,83.44,
,,83.44,
,,83.44,
,,83.44,
,,83.45,
,,83.45,
,,83.46,
,,83.46,
,,83.46,
,,83.46,
,,83.46,
,,83.46,
,,83.47,
,,83.47,
,,83.47,
,,83.48,
,,83.48,
,,83.49,
,,83.49,
,,83.5,
,,83.5,
,,83.5,
,,83.51,
,,83.51,
,,83.51,
,,83.51,
,,83.52,
,,83.52,
,,83.52,
,,83.53,
,,83.54,
,,83.54,
,,83.55,
,,83.55,
,,83.55,
,,83.55,
,,83.56,
,,83.56,
,,83.56,
,,83.57,
,,83.57,
,,83.57,
,,83.58,
,,83.58,
,,83.59,
,,83.6,
,,83.6,
,,83.6,
,,83.6,
,,83.62,
,,83.62,
,,83.62,
,,83.62,
,,83.63,
,,83.63,
,,83.63,
,,83.64,
,,83.64,
,,83.64,
,,83.64,
,,83.65,
,,83.65,
,,83.65,
,,83.66,
,,83.66,
,,83.67,
,,83.67,
,,83.67,
,,83.67,
,,83.68,
,,83.68,
,,83.68,
,,83.69,
,,83.69,
,,83.69,
,,83.7,
,,83.7,
,,83.7,
,,83.71,
,,83.72,
,,83.72,
,,83.72,
,,83.72,
,,83.72,
,,83.72,
,,83.73,
,,83.73,
,,83.73,
,,83.73,
,,83.74,
,,83.74,
,,83.74,
,,83.74,
,,83.74,
,,83.74,
,,83.75,
,,83.75,
,,83.76,
,,83.76,
,,83.76,
,,83.77,
,,83.77,
,,83.77,
,,83.77,
,,83.78,
,,83.78,
,,83.78,
,,83.79,
,,83.8,
,,83.8,
,,83.81,
,,83.81,
,,83.81,
,,83.81,
,,83.81,
,,83.81,
,,83.81,
,,83.82,
,,83.82,
,,83.82,
,,83.83,
,,83.83,
,,83.83,
,,83.84,
,,83.84,
,,83.84,
,,83.84,
,,83.84,
,,83.85,
,,83.86,
,,83.86,
,,83.87,
,,83.87,
,,83.88,
,,83.88,
,,83.88,
,,83.88,
,,83.88,
,,83.89,
,,83.89,
,,83.89,
,,83.89,
,,83.89,
,,83.89,
,,83.9,
,,83.9,
,,83.9,
,,83.9,
,,83.9,
,,83.91,
,,83.91,
,,83.91,
,,83.92,
,,83.92,
,,83.92,
,,83.92,
,,83.93,
,,83.93,
,,83.93,
,,83.94,
,,83.94,
,,83.94,
,,83.94,
,,83.94,
,,83.94,
,,83.95,
,,83.95,
,,83.96,
,,83.96,
,,83.96,
,,83.96,
,,83.96,
,,83.96,
,,83.96,
,,83.97,
,,83.97,
,,83.97,
,,83.97,
,,83.98,
,,83.98,
,,83.98,
,,83.98,
,,83.98,
,,83.99,
,,83.99,
,,83.99,
,,84,
,,84.01,
,,84.01,
,,84.02,
,,84.03,
,,84.03,
,,84.03,
,,84.04,
,,84.04,
,,84.05,
,,84.05,
,,84.06,
,,84.06,
,,84.06,
,,84.06,
,,84.06,
,,84.07,
,,84.07,
,,84.07,
,,84.08,
,,84.09,
,,84.1,
,,84.1,
,,84.1,
,,84.11,
,,84.11,
,,84.12,
,,84.12,
,,84.12,
,,84.12,
,,84.12,
,,84.13,
,,84.13,
,,84.14,
,,84.15,
,,84.15,
,,84.15,
,,84.16,
,,84.16,
,,84.16,
,,84.17,
,,84.17,
,,84.18,
,,84.18,
,,84.18,
,,84.19,
,,84.19,
,,84.19,
,,84.2,
,,84.2,
,,84.2,
,,84.2,
,,84.21,
,,84.21,
,,84.21,
,,84.22,
,,84.22,
,,84.22,
,,84.22,
,,84.22,
,,84.22,
,,84.22,
,,84.22,
,,84.24,
,,84.24,
,,84.25,
,,84.25,
,,84.25,
,,84.26,
,,84.26,
,,84.26,
,,84.26,
,,84.27,
,,84.27,
,,84.27,
,,84.27,
,,84.28,
,,84.28,
,,84.28,
,,84.28,
,,84.28,
,,84.29,
,,84.29,
,,84.29,
,,84.3,
,,84.3,
,,84.31,
,,84.31,
,,84.32,
,,84.32,
,,84.33,
,,84.33,
,,84.33,
,,84.33,
,,84.33,
,,84.33,
,,84.34,
,,84.34,
,,84.34,
,,84.34,
,,84.36,
,,84.36,
,,84.36,
,,84.36,
,,84.36,
,,84.36,
,,84.37,
,,84.37,
,,84.37,
,,84.37,
,,84.38,
,,84.38,
,,84.38,
,,84.38,
,,84.38,
,,84.39,
,,84.39,
,,84.39,
,,84.39,
,,84.4,
,,84.41,
,,84.41,
,,84.41,
,,84.41,
,,84.41,
,,84.42,
,,84.42,
,,84.43,
,,84.43,
,,84.43,
,,84.43,
,,84.44,
,,84.44,
,,84.44,
,,84.44,
,,84.46,
,,84.46,
,,84.46,
,,84.47,
,,84.47,
,,84.47,
,,84.47,
,,84.47,
,,84.47,
,,84.47,
,,84.47,
,,84.48,
,,84.48,
,,84.48,
,,84.49,
,,84.49,
,,84.5,
,,84.5,
,,84.51,
,,84.51,
,,84.51,
,,84.51,
,,84.52,
,,84.52,
,,84.52,
,,84.52,
,,84.52,
,,84.52,
,,84.53,
,,84.53,
,,84.53,
,,84.53,
,,84.53,
,,84.53,
,,84.53,
,,84.53,
,,84.54,
,,84.54,
,,84.54,
,,84.54,
,,84.55,
,,84.55,
,,84.55,
,,84.56,
,,84.57,
,,84.57,
,,84.57,
,,84.57,
,,84.57,
,,84.58,
,,84.58,
,,84.58,
,,84.59,
,,84.59,
,,84.59,
,,84.6,
,,84.6,
,,84.6,
,,84.6,
,,84.61,
,,84.61,
,,84.61,
,,84.61,
,,84.61,
,,84.62,
,,84.62,
,,84.62,
,,84.62,
,,84.63,
,,84.63,
,,84.64,
,,84.65,
,,84.65,
,,84.65,
,,84.65,
,,84.66,
,,84.66,
,,84.67,
,,84.68,
,,84.68,
,,84.68,
,,84.68,
,,84.68,
,,84.69,
,,84.7,
,,84.7,
,,84.71,
,,84.71,
,,84.71,
,,84.71,
,,84.71,
,,84.71,
,,84.71,
,,84.71,
,,84.72,
,,84.72,
,,84.72,
,,84.72,
,,84.72,
,,84.73,
,,84.73,
,,84.73,
,,84.73,
,,84.73,
,,84.74,
,,84.74,
,,84.74,
,,84.74,
,,84.75,
,,84.75,
,,84.75,
,,84.75,
,,84.75,
,,84.76,
,,84.77,
,,84.77,
,,84.78,
,,84.79,
,,84.79,
,,84.79,
,,84.79,
,,84.8,
,,84.8,
,,84.81,
,,84.82,
,,84.82,
,,84.83,
,,84.83,
,,84.83,
,,84.83,
,,84.84,
,,84.84,
,,84.84,
,,84.84,
,,84.85,
,,84.85,
,,84.86,
,,84.86,
,,84.86,
,,84.86,
,,84.87,
,,84.88,
,,84.88,
,,84.89,
,,84.89,
,,84.89,
,,84.9,
,,84.9,
,,84.91,
,,84.91,
,,84.91,
,,84.91,
,,84.91,
,,84.92,
,,84.92,
,,84.93,
,,84.93,
,,84.93,
,,84.94,
,,84.95,
,,84.95,
,,84.95,
,,84.96,
,,84.96,
,,84.96,
,,84.97,
,,84.97,
,,84.98,
,,84.99,
,,84.99,
,,85,
,,85,
,,85.01,
,,85.02,
,,85.02,
,,85.02,
,,85.03,
,,85.03,
,,85.03,
,,85.03,
,,85.04,
,,85.04,
,,85.05,
,,85.05,
,,85.05,
,,85.06,
,,85.06,
,,85.07,
,,85.07,
,,85.07,
,,85.07,
,,85.08,
,,85.08,
,,85.08,
,,85.08,
,,85.09,
,,85.09,
,,85.1,
,,85.1,
,,85.1,
,,85.1,
,,85.1,
,,85.1,
,,85.11,
,,85.11,
,,85.12,
,,85.12,
,,85.13,
,,85.13,
,,85.13,
,,85.13,
,,85.13,
,,85.13,
,,85.14,
,,85.14,
,,85.14,
,,85.14,
,,85.14,
,,85.14,
,,85.15,
,,85.15,
,,85.15,
,,85.15,
,,85.15,
,,85.15,
,,85.16,
,,85.16,
,,85.16,
,,85.16,
,,85.16,
,,85.16,
,,85.17,
,,85.17,
,,85.17,
,,85.18,
,,85.18,
,,85.19,
,,85.19,
,,85.2,
,,85.2,
,,85.21,
,,85.21,
,,85.22,
,,85.22,
,,85.22,
,,85.22,
,,85.22,
,,85.22,
,,85.23,
,,85.23,
,,85.23,
,,85.23,
,,85.24,
,,85.24,
,,85.24,
,,85.24,
,,85.25,
,,85.26,
,,85.27,
,,85.27,
,,85.27,
,,85.28,
,,85.28,
,,85.28,
,,85.28,
,,85.28,
,,85.29,
,,85.29,
,,85.29,
,,85.29,
,,85.29,
,,85.3,
,,85.3,
,,85.31,
,,85.31,
,,85.33,
,,85.33,
,,85.33,
,,85.34,
,,85.34,
,,85.34,
,,85.34,
,,85.34,
,,85.35,
,,85.35,
,,85.35,
,,85.35,
,,85.36,
,,85.36,
,,85.36,
,,85.37,
,,85.37,
,,85.37,
,,85.38,
,,85.38,
,,85.38,
,,85.38,
,,85.38,
,,85.39,
,,85.39,
,,85.39,
,,85.4,
,,85.4,
,,85.4,
,,85.4,
,,85.4,
,,85.4,
,,85.4,
,,85.41,
,,85.41,
,,85.41,
,,85.41,
,,85.41,
,,85.42,
,,85.42,
,,85.43,
,,85.43,
,,85.44,
,,85.44,
,,85.44,
,,85.44,
,,85.44,
,,85.45,
,,85.45,
,,85.45,
,,85.46,
,,85.46,
,,85.46,
,,85.46,
,,85.46,
,,85.47,
,,85.47,
,,85.47,
,,85.47,
,,85.47,
,,85.47,
,,85.47,
,,85.48,
,,85.48,
,,85.48,
,,85.49,
,,85.49,
,,85.5,
,,85.5,
,,85.5,
,,85.51,
,,85.51,
,,85.51,
,,85.51,
,,85.51,
,,85.52,
,,85.53,
,,85.53,
,,85.53,
,,85.53,
,,85.54,
,,85.54,
,,85.55,
,,85.55,
,,85.55,
,,85.56,
,,85.57,
,,85.57,
,,85.58,
,,85.58,
,,85.59,
,,85.59,
,,85.59,
,,85.59,
,,85.59,
,,85.59,
,,85.6,
,,85.6,
,,85.6,
,,85.6,
,,85.6,
,,85.6,
,,85.61,
,,85.62,
,,85.62,
,,85.62,
,,85.62,
,,85.62,
,,85.63,
,,85.63,
,,85.63,
,,85.63,
,,85.63,
,,85.63,
,,85.63,
,,85.64,
,,85.64,
,,85.65,
,,85.65,
,,85.65,
,,85.65,
,,85.66,
,,85.66,
,,85.66,
,,85.67,
,,85.67,
,,85.67,
,,85.68,
,,85.68,
,,85.69,
,,85.69,
,,85.69,
,,85.7,
,,85.7,
,,85.7,
,,85.71,
,,85.71,
,,85.71,
,,85.71,
,,85.72,
,,85.72,
,,85.72,
,,85.74,
,,85.74,
,,85.75,
,,85.75,
,,85.75,
,,85.75,
,,85.75,
,,85.75,
,,85.75,
,,85.75,
,,85.76,
,,85.77,
,,85.77,
,,85.78,
,,85.79,
,,85.79,
,,85.79,
,,85.79,
,,85.81,
,,85.81,
,,85.81,
,,85.82,
,,85.82,
,,85.82,
,,85.82,
,,85.82,
,,85.82,
,,85.83,
,,85.83,
,,85.83,
,,85.83,
,,85.83,
,,85.83,
,,85.84,
,,85.84,
,,85.84,
,,85.84,
,,85.85,
,,85.85,
,,85.85,
,,85.85,
,,85.85,
,,85.85,
,,85.85,
,,85.86,
,,85.86,
,,85.86,
,,85.86,
,,85.87,
,,85.87,
,,85.87,
,,85.87,
,,85.87,
,,85.87,
,,85.88,
,,85.88,
,,85.88,
,,85.88,
,,85.89,
,,85.89,
,,85.89,
,,85.89,
,,85.89,
,,85.9,
,,85.9,
,,85.91,
,,85.91,
,,85.91,
,,85.92,
,,85.92,
,,85.92,
,,85.92,
,,85.93,
,,85.93,
,,85.94,
,,85.94,
,,85.94,
,,85.94,
,,85.95,
,,85.95,
,,85.95,
,,85.95,
,,85.96,
,,85.96,
,,85.96,
,,85.96,
,,85.97,
,,85.97,
,,85.97,
,,85.97,
,,85.98,
,,85.98,
,,85.99,
,,85.99,
,,85.99,
,,86,
,,86,
,,86,
,,86,
,,86,
,,86.01,
,,86.01,
,,86.02,
,,86.02,
,,86.02,
,,86.03,
,,86.03,
,,86.04,
,,86.04,
,,86.04,
,,86.04,
,,86.06,
,,86.06,
,,86.06,
,,86.06,
,,86.06,
,,86.06,
,,86.06,
,,86.07,
,,86.07,
,,86.07,
,,86.07,
,,86.07,
,,86.07,
,,86.08,
,,86.08,
,,86.08,
,,86.08,
,,86.08,
,,86.09,
,,86.1,
,,86.1,
,,86.11,
,,86.11,
,,86.12,
,,86.12,
,,86.12,
,,86.12,
,,86.13,
,,86.13,
,,86.13,
,,86.14,
,,86.14,
,,86.15,
,,86.15,
,,86.15,
,,86.15,
,,86.16,
,,86.17,
,,86.17,
,,86.17,
,,86.17,
,,86.19,
,,86.2,
,,86.2,
,,86.2,
,,86.21,
,,86.21,
,,86.21,
,,86.21,
,,86.21,
,,86.22,
,,86.22,
,,86.22,
,,86.22,
,,86.22,
,,86.22,
,,86.23,
,,86.23,
,,86.23,
,,86.24,
,,86.24,
,,86.24,
,,86.24,
,,86.25,
,,86.25,
,,86.25,
,,86.25,
,,86.25,
,,86.27,
,,86.27,
,,86.27,
,,86.28,
,,86.28,
,,86.29,
,,86.29,
,,86.29,
,,86.29,
,,86.29,
,,86.29,
,,86.3,
,,86.3,
,,86.3,
,,86.3,
,,86.3,
,,86.3,
,,86.3,
,,86.31,
,,86.31,
,,86.31,
,,86.31,
,,86.32,
,,86.32,
,,86.32,
,,86.32,
,,86.33,
,,86.33,
,,86.33,
,,86.33,
,,86.34,
,,86.34,
,,86.34,
,,86.34,
,,86.34,
,,86.34,
,,86.34,
,,86.35,
,,86.35,
,,86.35,
,,86.35,
,,86.35,
,,86.35,
,,86.35,
,,86.36,
,,86.36,
,,86.36,
,,86.36,
,,86.36,
,,86.37,
,,86.37,
,,86.37,
,,86.38,
,,86.38,
,,86.38,
,,86.38,
,,86.38,
,,86.39,
,,86.39,
,,86.39,
,,86.39,
,,86.4,
,,86.4,
,,86.41,
,,86.41,
,,86.41,
,,86.41,
,,86.41,
,,86.41,
,,86.42,
,,86.42,
,,86.42,
,,86.42,
,,86.43,
,,86.43,
,,86.43,
,,86.43,
,,86.44,
,,86.44,
,,86.44,
,,86.44,
,,86.45,
,,86.45,
,,86.46,
,,86.46,
,,86.46,
,,86.47,
,,86.47,
,,86.47,
,,86.47,
,,86.47,
,,86.47,
,,86.48,
,,86.48,
,,86.48,
,,86.49,
,,86.49,
,,86.49,
,,86.5,
,,86.5,
,,86.5,
,,86.5,
,,86.51,
,,86.51,
,,86.51,
,,86.51,
,,86.51,
,,86.52,
,,86.52,
,,86.52,
,,86.52,
,,86.52,
,,86.53,
,,86.53,
,,86.53,
,,86.53,
,,86.54,
,,86.54,
,,86.54,
,,86.54,
,,86.54,
,,86.55,
,,86.55,
,,86.55,
,,86.56,
,,86.56,
,,86.56,
,,86.56,
,,86.56,
,,86.57,
,,86.57,
,,86.57,
,,86.57,
,,86.57,
,,86.57,
,,86.57,
,,86.58,
,,86.58,
,,86.58,
,,86.58,
,,86.58,
,,86.59,
,,86.59,
,,86.59,
,,86.6,
,,86.61,
,,86.61,
,,86.61,
,,86.61,
,,86.62,
,,86.62,
,,86.62,
,,86.62,
,,86.63,
,,86.63,
,,86.64,
,,86.64,
,,86.65,
,,86.65,
,,86.65,
,,86.66,
,,86.66,
,,86.66,
,,86.66,
,,86.66,
,,86.66,
,,86.66,
,,86.67,
,,86.67,
,,86.67,
,,86.68,
,,86.68,
,,86.68,
,,86.69,
,,86.69,
,,86.69,
,,86.7,
,,86.7,
,,86.7,
,,86.7,
,,86.7,
,,86.71,
,,86.71,
,,86.71,
,,86.71,
,,86.72,
,,86.72,
,,86.72,
,,86.73,
,,86.73,
,,86.73,
,,86.73,
,,86.73,
,,86.73,
,,86.73,
,,86.73,
,,86.74,
,,86.74,
,,86.74,
,,86.74,
,,86.74,
,,86.75,
,,86.75,
,,86.75,
,,86.75,
,,86.75,
,,86.75,
,,86.75,
,,86.75,
,,86.76,
,,86.76,
,,86.76,
,,86.76,
,,86.77,
,,86.77,
,,86.77,
,,86.77,
,,86.78,
,,86.78,
,,86.78,
,,86.79,
,,86.79,
,,86.8,
,,86.8,
,,86.8,
,,86.8,
,,86.8,
,,86.8,
,,86.81,
,,86.81,
,,86.82,
,,86.83,
,,86.83,
,,86.83,
,,86.84,
,,86.84,
,,86.84,
,,86.84,
,,86.84,
,,86.84,
,,86.84,
,,86.85,
,,86.85,
,,86.85,
,,86.85,
,,86.86,
,,86.87,
,,86.87,
,,86.87,
,,86.88,
,,86.88,
,,86.88,
,,86.89,
,,86.89,
,,86.89,
,,86.9,
,,86.9,
,,86.9,
,,86.9,
,,86.9,
,,86.91,
,,86.91,
,,86.91,
,,86.91,
,,86.92,
,,86.92,
,,86.92,
,,86.92,
,,86.92,
,,86.92,
,,86.93,
,,86.93,
,,86.93,
,,86.93,
,,86.93,
,,86.94,
,,86.94,
,,86.94,
,,86.94,
,,86.94,
,,86.94,
,,86.94,
,,86.95,
,,86.95,
,,86.96,
,,86.96,
,,86.96,
,,86.96,
,,86.97,
,,86.97,
,,86.97,
,,86.98,
,,86.98,
,,86.98,
,,86.98,
,,86.98,
,,86.99,
,,86.99,
,,87,
,,87.01,
,,87.01,
,,87.01,
,,87.02,
,,87.02,
,,87.02,
,,87.02,
,,87.02,
,,87.02,
,,87.02,
,,87.02,
,,87.03,
,,87.04,
,,87.04,
,,87.04,
,,87.05,
,,87.05,
,,87.06,
,,87.06,
,,87.07,
,,87.07,
,,87.07,
,,87.07,
,,87.07,
,,87.08,
,,87.08,
,,87.09,
,,87.09,
,,87.1,
,,87.1,
,,87.11,
,,87.11,
,,87.11,
,,87.11,
,,87.11,
,,87.11,
,,87.12,
,,87.12,
,,87.12,
,,87.12,
,,87.12,
,,87.12,
,,87.13,
,,87.13,
,,87.13,
,,87.14,
,,87.14,
,,87.14,
,,87.15,
,,87.16,
,,87.16,
,,87.16,
,,87.16,
,,87.17,
,,87.17,
,,87.17,
,,87.17,
,,87.17,
,,87.18,
,,87.18,
,,87.18,
,,87.18,
,,87.19,
,,87.19,
,,87.19,
,,87.19,
,,87.2,
,,87.2,
,,87.21,
,,87.22,
,,87.22,
,,87.23,
,,87.23,
,,87.23,
,,87.23,
,,87.23,
,,87.24,
,,87.24,
,,87.24,
,,87.24,
,,87.24,
,,87.25,
,,87.25,
,,87.25,
,,87.25,
,,87.25,
,,87.26,
,,87.26,
,,87.26,
,,87.26,
,,87.28,
,,87.28,
,,87.28,
,,87.28,
,,87.28,
,,87.28,
,,87.28,
,,87.28,
,,87.28,
,,87.29,
,,87.29,
,,87.29,
,,87.29,
,,87.29,
,,87.29,
,,87.29,
,,87.29,
,,87.3,
,,87.3,
,,87.3,
,,87.3,
,,87.3,
,,87.31,
,,87.32,
,,87.32,
,,87.32,
,,87.32,
,,87.33,
,,87.33,
,,87.33,
,,87.33,
,,87.34,
,,87.34,
,,87.34,
,,87.35,
,,87.35,
,,87.35,
,,87.35,
,,87.35,
,,87.35,
,,87.36,
,,87.36,
,,87.36,
,,87.36,
,,87.36,
,,87.37,
,,87.37,
,,87.37,
,,87.37,
,,87.38,
,,87.38,
,,87.38,
,,87.38,
,,87.38,
,,87.38,
,,87.38,
,,87.39,
,,87.39,
,,87.39,
,,87.39,
,,87.39,
,,87.39,
,,87.4,
,,87.4,
,,87.4,
,,87.41,
,,87.42,
,,87.42,
,,87.42,
,,87.43,
,,87.43,
,,87.43,
,,87.43,
,,87.43,
,,87.43,
,,87.43,
,,87.43,
,,87.44,
,,87.44,
,,87.44,
,,87.45,
,,87.45,
,,87.45,
,,87.46,
,,87.46,
,,87.46,
,,87.46,
,,87.46,
,,87.47,
,,87.47,
,,87.47,
,,87.47,
,,87.48,
,,87.48,
,,87.48,
,,87.48,
,,87.48,
,,87.49,
,,87.49,
,,87.5,
,,87.5,
,,87.5,
,,87.51,
,,87.51,
,,87.51,
,,87.51,
,,87.52,
,,87.53,
,,87.53,
,,87.53,
,,87.53,
,,87.53,
,,87.53,
,,87.53,
,,87.53,
,,87.53,
,,87.54,
,,87.54,
,,87.54,
,,87.54,
,,87.55,
,,87.55,
,,87.55,
,,87.55,
,,87.55,
,,87.56,
,,87.56,
,,87.56,
,,87.56,
,,87.56,
,,87.56,
,,87.56,
,,87.56,
,,87.57,
,,87.58,
,,87.58,
,,87.58,
,,87.58,
,,87.58,
,,87.58,
,,87.59,
,,87.59,
,,87.59,
,,87.59,
,,87.6,
,,87.6,
,,87.6,
,,87.61,
,,87.61,
,,87.61,
,,87.62,
,,87.62,
,,87.62,
,,87.62,
,,87.62,
,,87.62,
,,87.62,
,,87.63,
,,87.63,
,,87.63,
,,87.64,
,,87.64,
,,87.65,
,,87.65,
,,87.65,
,,87.65,
,,87.66,
,,87.66,
,,87.66,
,,87.66,
,,87.67,
,,87.67,
,,87.67,
,,87.68,
,,87.68,
,,87.68,
,,87.68,
,,87.68,
,,87.68,
,,87.68,
,,87.69,
,,87.7,
,,87.7,
,,87.7,
,,87.71,
,,87.71,
,,87.71,
,,87.71,
,,87.71,
,,87.71,
,,87.72,
,,87.73,
,,87.73,
,,87.73,
,,87.73,
,,87.73,
,,87.74,
,,87.74,
,,87.74,
,,87.74,
,,87.74,
,,87.74,
,,87.74,
,,87.74,
,,87.75,
,,87.75,
,,87.75,
,,87.76,
,,87.76,
,,87.76,
,,87.77,
,,87.77,
,,87.77,
,,87.77,
,,87.78,
,,87.78,
,,87.78,
,,87.78,
,,87.79,
,,87.79,
,,87.79,
,,87.8,
,,87.81,
,,87.81,
,,87.81,
,,87.82,
,,87.82,
,,87.82,
,,87.82,
,,87.82,
,,87.83,
,,87.83,
,,87.84,
,,87.84,
,,87.84,
,,87.85,
,,87.85,
,,87.86,
,,87.86,
,,87.86,
,,87.87,
,,87.87,
,,87.88,
,,87.88,
,,87.88,
,,87.89,
,,87.89,
,,87.89,
,,87.89,
,,87.89,
,,87.9,
,,87.9,
,,87.9,
,,87.9,
,,87.9,
,,87.9,
,,87.9,
,,87.9,
,,87.9,
,,87.9,
,,87.9,
,,87.91,
,,87.91,
,,87.91,
,,87.91,
,,87.92,
,,87.92,
,,87.92,
,,87.92,
,,87.92,
,,87.92,
,,87.93,
,,87.93,
,,87.93,
,,87.93,
,,87.93,
,,87.94,
,,87.94,
,,87.94,
,,87.94,
,,87.95,
,,87.95,
,,87.95,
,,87.95,
,,87.96,
,,87.96,
,,87.96,
,,87.96,
,,87.96,
,,87.96,
,,87.97,
,,87.97,
,,87.97,
,,87.98,
,,87.98,
,,87.99,
,,87.99,
,,87.99,
,,87.99,
,,87.99,
,,87.99,
,,87.99,
,,88,
,,88,
,,88,
,,88,
,,88,
,,88.01,
,,88.01,
,,88.01,
,,88.02,
,,88.02,
,,88.02,
,,88.03,
,,88.03,
,,88.03,
,,88.03,
,,88.03,
,,88.03,
,,88.03,
,,88.04,
,,88.04,
,,88.04,
,,88.04,
,,88.04,
,,88.05,
,,88.05,
,,88.05,
,,88.05,
,,88.05,
,,88.05,
,,88.05,
,,88.06,
,,88.06,
,,88.08,
,,88.08,
,,88.08,
,,88.08,
,,88.08,
,,88.08,
,,88.08,
,,88.09,
,,88.09,
,,88.09,
,,88.09,
,,88.1,
,,88.1,
,,88.1,
,,88.1,
,,88.1,
,,88.1,
,,88.11,
,,88.11,
,,88.11,
,,88.11,
,,88.11,
,,88.12,
,,88.12,
,,88.12,
,,88.12,
,,88.12,
,,88.13,
,,88.13,
,,88.13,
,,88.13,
,,88.14,
,,88.14,
,,88.15,
,,88.15,
,,88.15,
,,88.16,
,,88.16,
,,88.16,
,,88.17,
,,88.17,
,,88.17,
,,88.18,
,,88.18,
,,88.18,
,,88.18,
,,88.19,
,,88.19,
,,88.19,
,,88.19,
,,88.2,
,,88.2,
,,88.2,
,,88.2,
,,88.2,
,,88.2,
,,88.2,
,,88.21,
,,88.21,
,,88.21,
,,88.21,
,,88.22,
,,88.22,
,,88.22,
,,88.23,
,,88.23,
,,88.24,
,,88.24,
,,88.24,
,,88.24,
,,88.24,
,,88.25,
,,88.25,
,,88.25,
,,88.25,
,,88.26,
,,88.26,
,,88.26,
,,88.26,
,,88.26,
,,88.26,
,,88.27,
,,88.27,
,,88.27,
,,88.28,
,,88.28,
,,88.28,
,,88.28,
,,88.28,
,,88.28,
,,88.29,
,,88.29,
,,88.29,
,,88.29,
,,88.29,
,,88.29,
,,88.3,
,,88.3,
,,88.3,
,,88.31,
,,88.31,
,,88.31,
,,88.32,
,,88.32,
,,88.32,
,,88.32,
,,88.32,
,,88.32,
,,88.34,
,,88.34,
,,88.34,
,,88.34,
,,88.35,
,,88.35,
,,88.35,
,,88.35,
,,88.35,
,,88.36,
,,88.36,
,,88.36,
,,88.36,
,,88.37,
,,88.37,
,,88.37,
,,88.37,
,,88.38,
,,88.38,
,,88.38,
,,88.38,
,,88.38,
,,88.39,
,,88.39,
,,88.39,
,,88.39,
,,88.39,
,,88.4,
,,88.4,
,,88.4,
,,88.4,
,,88.41,
,,88.41,
,,88.41,
,,88.41,
,,88.41,
,,88.41,
,,88.41,
,,88.41,
,,88.42,
,,88.42,
,,88.42,
,,88.42,
,,88.43,
,,88.43,
,,88.43,
,,88.43,
,,88.43,
,,88.44,
,,88.44,
,,88.44,
,,88.44,
,,88.45,
,,88.45,
,,88.46,
,,88.46,
,,88.46,
,,88.46,
,,88.47,
,,88.47,
,,88.47,
,,88.48,
,,88.48,
,,88.48,
,,88.49,
,,88.49,
,,88.5,
,,88.5,
,,88.5,
,,88.51,
,,88.51,
,,88.52,
,,88.52,
,,88.52,
,,88.53,
,,88.53,
,,88.53,
,,88.53,
,,88.54,
,,88.54,
,,88.54,
,,88.54,
,,88.54,
,,88.55,
,,88.55,
,,88.56,
,,88.56,
,,88.56,
,,88.58,
,,88.58,
,,88.58,
,,88.58,
,,88.58,
,,88.58,
,,88.58,
,,88.59,
,,88.59,
,,88.59,
,,88.6,
,,88.6,
,,88.61,
,,88.61,
,,88.62,
,,88.62,
,,88.62,
,,88.62,
,,88.62,
,,88.62,
,,88.63,
,,88.63,
,,88.63,
,,88.63,
,,88.64,
,,88.64,
,,88.64,
,,88.64,
,,88.65,
,,88.65,
,,88.65,
,,88.65,
,,88.65,
,,88.66,
,,88.66,
,,88.66,
,,88.66,
,,88.66,
,,88.66,
,,88.67,
,,88.67,
,,88.67,
,,88.67,
,,88.68,
,,88.68,
,,88.68,
,,88.68,
,,88.68,
,,88.68,
,,88.68,
,,88.69,
,,88.69,
,,88.69,
,,88.7,
,,88.7,
,,88.7,
,,88.7,
,,88.71,
,,88.71,
,,88.71,
,,88.71,
,,88.71,
,,88.71,
,,88.71,
,,88.71,
,,88.72,
,,88.72,
,,88.72,
,,88.73,
,,88.73,
,,88.74,
,,88.74,
,,88.74,
,,88.74,
,,88.74,
,,88.75,
,,88.75,
,,88.75,
,,88.76,
,,88.76,
,,88.76,
,,88.76,
,,88.77,
,,88.77,
,,88.77,
,,88.77,
,,88.78,
,,88.78,
,,88.78,
,,88.78,
,,88.79,
,,88.79,
,,88.79,
,,88.79,
,,88.79,
,,88.79,
,,88.79,
,,88.8,
,,88.8,
,,88.8,
,,88.81,
,,88.81,
,,88.81,
,,88.81,
,,88.81,
,,88.81,
,,88.81,
,,88.82,
,,88.82,
,,88.82,
,,88.82,
,,88.82,
,,88.82,
,,88.82,
,,88.82,
,,88.83,
,,88.83,
,,88.83,
,,88.83,
,,88.83,
,,88.84,
,,88.84,
,,88.85,
,,88.85,
,,88.85,
,,88.85,
,,88.86,
,,88.86,
,,88.86,
,,88.87,
,,88.87,
,,88.87,
,,88.87,
,,88.88,
,,88.88,
,,88.88,
,,88.89,
,,88.89,
,,88.89,
,,88.89,
,,88.89,
,,88.89,
,,88.9,
,,88.9,
,,88.9,
,,88.9,
,,88.9,
,,88.9,
,,88.91,
,,88.91,
,,88.91,
,,88.91,
,,88.91,
,,88.92,
,,88.92,
,,88.92,
,,88.92,
,,88.92,
,,88.93,
,,88.93,
,,88.93,
,,88.93,
,,88.93,
,,88.94,
,,88.94,
,,88.95,
,,88.95,
,,88.95,
,,88.95,
,,88.96,
,,88.96,
,,88.96,
,,88.96,
,,88.96,
,,88.96,
,,88.97,
,,88.97,
,,88.97,
,,88.97,
,,88.98,
,,88.98,
,,88.98,
,,88.98,
,,88.98,
,,88.98,
,,88.98,
,,88.98,
,,88.99,
,,88.99,
,,88.99,
,,88.99,
,,88.99,
,,88.99,
,,89,
,,89,
,,89,
,,89.01,
,,89.01,
,,89.02,
,,89.02,
,,89.03,
,,89.03,
,,89.03,
,,89.04,
,,89.04,
,,89.04,
,,89.04,
,,89.04,
,,89.04,
,,89.05,
,,89.05,
,,89.05,
,,89.05,
,,89.06,
,,89.06,
,,89.06,
,,89.06,
,,89.07,
,,89.07,
,,89.07,
,,89.07,
,,89.08,
,,89.08,
,,89.08,
,,89.08,
,,89.09,
,,89.09,
,,89.09,
,,89.09,
,,89.1,
,,89.1,
,,89.1,
,,89.1,
,,89.1,
,,89.11,
,,89.11,
,,89.11,
,,89.12,
,,89.12,
,,89.12,
,,89.12,
,,89.12,
,,89.12,
,,89.13,
,,89.13,
,,89.13,
,,89.13,
,,89.13,
,,89.14,
,,89.14,
,,89.14,
,,89.14,
,,89.14,
,,89.14,
,,89.14,
,,89.15,
,,89.15,
,,89.15,
,,89.16,
,,89.16,
,,89.16,
,,89.16,
,,89.16,
,,89.16,
,,89.16,
,,89.16,
,,89.17,
,,89.17,
,,89.17,
,,89.17,
,,89.18,
,,89.18,
,,89.19,
,,89.19,
,,89.19,
,,89.19,
,,89.19,
,,89.19,
,,89.2,
,,89.2,
,,89.2,
,,89.21,
,,89.21,
,,89.21,
,,89.21,
,,89.21,
,,89.22,
,,89.22,
,,89.22,
,,89.22,
,,89.23,
,,89.23,
,,89.23,
,,89.23,
,,89.23,
,,89.23,
,,89.24,
,,89.24,
,,89.24,
,,89.25,
,,89.25,
,,89.25,
,,89.26,
,,89.26,
,,89.26,
,,89.27,
,,89.27,
,,89.27,
,,89.27,
,,89.27,
,,89.28,
,,89.28,
,,89.28,
,,89.28,
,,89.28,
,,89.28,
,,89.28,
,,89.29,
,,89.29,
,,89.29,
,,89.3,
,,89.3,
,,89.3,
,,89.3,
,,89.3,
,,89.3,
,,89.31,
,,89.31,
,,89.31,
,,89.31,
,,89.31,
,,89.32,
,,89.32,
,,89.32,
,,89.33,
,,89.33,
,,89.33,
,,89.33,
,,89.33,
,,89.34,
,,89.34,
,,89.34,
,,89.34,
,,89.34,
,,89.34,
,,89.34,
,,89.34,
,,89.35,
,,89.35,
,,89.35,
,,89.35,
,,89.36,
,,89.36,
,,89.36,
,,89.37,
,,89.37,
,,89.38,
,,89.38,
,,89.38,
,,89.38,
,,89.38,
,,89.38,
,,89.39,
,,89.39,
,,89.39,
,,89.39,
,,89.39,
,,89.39,
,,89.4,
,,89.4,
,,89.4,
,,89.4,
,,89.41,
,,89.41,
,,89.41,
,,89.41,
,,89.41,
,,89.42,
,,89.42,
,,89.42,
,,89.43,
,,89.43,
,,89.43,
,,89.44,
,,89.44,
,,89.45,
,,89.45,
,,89.45,
,,89.45,
,,89.45,
,,89.45,
,,89.45,
,,89.46,
,,89.47,
,,89.47,
,,89.47,
,,89.47,
,,89.47,
,,89.47,
,,89.48,
,,89.48,
,,89.48,
,,89.49,
,,89.49,
,,89.49,
,,89.5,
,,89.5,
,,89.5,
,,89.5,
,,89.51,
,,89.52,
,,89.52,
,,89.52,
,,89.52,
,,89.52,
,,89.53,
,,89.53,
,,89.53,
,,89.53,
,,89.53,
,,89.53,
,,89.53,
,,89.54,
,,89.54,
,,89.54,
,,89.54,
,,89.55,
,,89.55,
,,89.55,
,,89.55,
,,89.55,
,,89.55,
,,89.55,
,,89.55,
,,89.56,
,,89.56,
,,89.57,
,,89.57,
,,89.57,
,,89.57,
,,89.58,
,,89.58,
,,89.58,
,,89.58,
,,89.58,
,,89.6,
,,89.6,
,,89.6,
,,89.61,
,,89.61,
,,89.61,
,,89.61,
,,89.61,
,,89.62,
,,89.62,
,,89.62,
,,89.62,
,,89.63,
,,89.63,
,,89.63,
,,89.63,
,,89.63,
,,89.64,
,,89.64,
,,89.65,
,,89.65,
,,89.65,
,,89.66,
,,89.66,
,,89.66,
,,89.66,
,,89.66,
,,89.66,
,,89.67,
,,89.67,
,,89.67,
,,89.67,
,,89.67,
,,89.67,
,,89.68,
,,89.68,
,,89.68,
,,89.68,
,,89.68,
,,89.68,
,,89.69,
,,89.69,
,,89.69,
,,89.69,
,,89.7,
,,89.7,
,,89.7,
,,89.7,
,,89.7,
,,89.71,
,,89.71,
,,89.71,
,,89.71,
,,89.72,
,,89.72,
,,89.72,
,,89.72,
,,89.73,
,,89.73,
,,89.73,
,,89.74,
,,89.74,
,,89.74,
,,89.74,
,,89.74,
,,89.75,
,,89.75,
,,89.75,
,,89.75,
,,89.75,
,,89.76,
,,89.76,
,,89.76,
,,89.76,
,,89.77,
,,89.77,
,,89.77,
,,89.78,
,,89.78,
,,89.78,
,,89.79,
,,89.79,
,,89.79,
,,89.79,
,,89.79,
,,89.79,
,,89.79,
,,89.79,
,,89.79,
,,89.8,
,,89.8,
,,89.8,
,,89.8,
,,89.8,
,,89.8,
,,89.8,
,,89.8,
,,89.8,
,,89.8,
,,89.8,
,,89.8,
,,89.81,
,,89.81,
,,89.81,
,,89.81,
,,89.81,
,,89.81,
,,89.81,
,,89.81,
,,89.82,
,,89.82,
,,89.82,
,,89.82,
,,89.82,
,,89.82,
,,89.82,
,,89.83,
,,89.83,
,,89.84,
,,89.84,
,,89.85,
,,89.85,
,,89.85,
,,89.85,
,,89.86,
,,89.86,
,,89.86,
,,89.86,
,,89.86,
,,89.86,
,,89.87,
,,89.87,
,,89.87,
,,89.87,
,,89.88,
,,89.88,
,,89.88,
,,89.88,
,,89.88,
,,89.89,
,,89.89,
,,89.89,
,,89.89,
,,89.89,
,,89.89,
,,89.89,
,,89.9,
,,89.9,
,,89.91,
,,89.91,
,,89.91,
,,89.91,
,,89.91,
,,89.92,
,,89.92,
,,89.92,
,,89.92,
,,89.92,
,,89.92,
,,89.92,
,,89.93,
,,89.93,
,,89.93,
,,89.93,
,,89.94,
,,89.94,
,,89.94,
,,89.94,
,,89.94,
,,89.94,
,,89.94,
,,89.94,
,,89.94,
,,89.95,
,,89.95,
,,89.95,
,,89.95,
,,89.96,
,,89.96,
,,89.96,
,,89.97,
,,89.97,
,,89.97,
,,89.97,
,,89.97,
,,89.97,
,,89.97,
,,89.98,
,,89.98,
,,89.98,
,,89.98,
,,89.98,
,,89.98,
,,89.99,
,,89.99,
,,90,
,,90,
,,90,
,,90,
,,90,
,,90,
,,90.01,
,,90.01,
,,90.01,
,,90.02,
,,90.02,
,,90.02,
,,90.02,
,,90.03,
,,90.03,
,,90.03,
,,90.03,
,,90.03,
,,90.03,
,,90.04,
,,90.04,
,,90.04,
,,90.04,
,,90.04,
,,90.04,
,,90.04,
,,90.04,
,,90.04,
,,90.05,
,,90.06,
,,90.06,
,,90.07,
,,90.07,
,,90.08,
,,90.08,
,,90.08,
,,90.08,
,,90.08,
,,90.08,
,,90.09,
,,90.1,
,,90.1,
,,90.1,
,,90.1,
,,90.1,
,,90.1,
,,90.1,
,,90.1,
,,90.1,
,,90.1,
,,90.1,
,,90.11,
,,90.11,
,,90.11,
,,90.11,
,,90.11,
,,90.11,
,,90.12,
,,90.12,
,,90.12,
,,90.12,
,,90.13,
,,90.13,
,,90.13,
,,90.14,
,,90.14,
,,90.14,
,,90.15,
,,90.15,
,,90.15,
,,90.15,
,,90.15,
,,90.15,
,,90.16,
,,90.16,
,,90.16,
,,90.16,
,,90.17,
,,90.17,
,,90.17,
,,90.17,
,,90.18,
,,90.18,
,,90.18,
,,90.18,
,,90.18,
,,90.18,
,,90.18,
,,90.18,
,,90.19,
,,90.19,
,,90.19,
,,90.19,
,,90.19,
,,90.19,
,,90.2,
,,90.2,
,,90.21,
,,90.21,
,,90.21,
,,90.21,
,,90.21,
,,90.21,
,,90.21,
,,90.21,
,,90.22,
,,90.22,
,,90.22,
,,90.22,
,,90.22,
,,90.22,
,,90.22,
,,90.23,
,,90.23,
,,90.23,
,,90.24,
,,90.24,
,,90.24,
,,90.24,
,,90.25,
,,90.25,
,,90.25,
,,90.25,
,,90.25,
,,90.25,
,,90.26,
,,90.27,
,,90.27,
,,90.27,
,,90.27,
,,90.27,
,,90.27,
,,90.27,
,,90.28,
,,90.28,
,,90.28,
,,90.29,
,,90.29,
,,90.29,
,,90.3,
,,90.3,
,,90.3,
,,90.31,
,,90.31,
,,90.31,
,,90.31,
,,90.31,
,,90.32,
,,90.32,
,,90.32,
,,90.32,
,,90.33,
,,90.33,
,,90.33,
,,90.33,
,,90.33,
,,90.33,
,,90.34,
,,90.34,
,,90.34,
,,90.34,
,,90.34,
,,90.34,
,,90.34,
,,90.34,
,,90.35,
,,90.35,
,,90.35,
,,90.35,
,,90.36,
,,90.36,
,,90.36,
,,90.36,
,,90.36,
,,90.36,
,,90.37,
,,90.37,
,,90.37,
,,90.37,
,,90.37,
,,90.37,
,,90.37,
,,90.38,
,,90.38,
,,90.38,
,,90.38,
,,90.38,
,,90.38,
,,90.39,
,,90.39,
,,90.39,
,,90.39,
,,90.39,
,,90.39,
,,90.4,
,,90.4,
,,90.4,
,,90.4,
,,90.41,
,,90.41,
,,90.41,
,,90.42,
,,90.42,
,,90.42,
,,90.43,
,,90.43,
,,90.43,
,,90.44,
,,90.44,
,,90.44,
,,90.44,
,,90.45,
,,90.45,
,,90.45,
,,90.46,
,,90.46,
,,90.46,
,,90.46,
,,90.46,
,,90.46,
,,90.46,
,,90.47,
,,90.48,
,,90.48,
,,90.48,
,,90.48,
,,90.48,
,,90.48,
,,90.48,
,,90.48,
,,90.49,
,,90.49,
,,90.49,
,,90.49,
,,90.49,
,,90.5,
,,90.5,
,,90.5,
,,90.5,
,,90.51,
,,90.51,
,,90.51,
,,90.51,
,,90.51,
,,90.52,
,,90.52,
,,90.52,
,,90.52,
,,90.52,
,,90.53,
,,90.53,
,,90.53,
,,90.53,
,,90.54,
,,90.54,
,,90.54,
,,90.55,
,,90.55,
,,90.55,
,,90.55,
,,90.56,
,,90.57,
,,90.57,
,,90.57,
,,90.57,
,,90.57,
,,90.57,
,,90.57,
,,90.57,
,,90.58,
,,90.58,
,,90.58,
,,90.58,
,,90.59,
,,90.59,
,,90.59,
,,90.59,
,,90.6,
,,90.6,
,,90.6,
,,90.6,
,,90.6,
,,90.6,
,,90.6,
,,90.61,
,,90.61,
,,90.61,
,,90.61,
,,90.61,
,,90.61,
,,90.62,
,,90.62,
,,90.62,
,,90.62,
,,90.62,
,,90.62,
,,90.63,
,,90.63,
,,90.64,
,,90.64,
,,90.64,
,,90.64,
,,90.64,
,,90.65,
,,90.65,
,,90.66,
,,90.66,
,,90.66,
,,90.66,
,,90.67,
,,90.67,
,,90.67,
,,90.68,
,,90.68,
,,90.69,
,,90.69,
,,90.69,
,,90.69,
,,90.7,
,,90.7,
,,90.7,
,,90.7,
,,90.71,
,,90.71,
,,90.71,
,,90.71,
,,90.72,
,,90.72,
,,90.72,
,,90.73,
,,90.73,
,,90.73,
,,90.74,
,,90.74,
,,90.74,
,,90.74,
,,90.75,
,,90.75,
,,90.75,
,,90.75,
,,90.75,
,,90.75,
,,90.75,
,,90.76,
,,90.76,
,,90.76,
,,90.76,
,,90.76,
,,90.77,
,,90.77,
,,90.77,
,,90.77,
,,90.77,
,,90.78,
,,90.78,
,,90.78,
,,90.78,
,,90.78,
,,90.78,
,,90.79,
,,90.79,
,,90.79,
,,90.79,
,,90.79,
,,90.8,
,,90.8,
,,90.8,
,,90.8,
,,90.8,
,,90.8,
,,90.8,
,,90.8,
,,90.81,
,,90.81,
,,90.81,
,,90.81,
,,90.81,
,,90.81,
,,90.81,
,,90.82,
,,90.82,
,,90.82,
,,90.82,
,,90.83,
,,90.83,
,,90.83,
,,90.83,
,,90.83,
,,90.83,
,,90.83,
,,90.84,
,,90.84,
,,90.84,
,,90.84,
,,90.84,
,,90.85,
,,90.85,
,,90.85,
,,90.85,
,,90.85,
,,90.85,
,,90.86,
,,90.86,
,,90.86,
,,90.86,
,,90.86,
,,90.86,
,,90.86,
,,90.86,
,,90.86,
,,90.87,
,,90.87,
,,90.87,
,,90.87,
,,90.88,
,,90.88,
,,90.88,
,,90.88,
,,90.89,
,,90.89,
,,90.89,
,,90.89,
,,90.89,
,,90.89,
,,90.9,
,,90.9,
,,90.91,
,,90.91,
,,90.91,
,,90.92,
,,90.92,
,,90.93,
,,90.94,
,,90.94,
,,90.95,
,,90.95,
,,90.95,
,,90.95,
,,90.95,
,,90.95,
,,90.95,
,,90.95,
,,90.96,
,,90.96,
,,90.96,
,,90.97,
,,90.97,
,,90.98,
,,90.98,
,,90.98,
,,90.98,
,,90.99,
,,90.99,
,,90.99,
,,90.99,
,,90.99,
,,90.99,
,,90.99,
,,91,
,,91,
,,91,
,,91,
,,91,
,,91,
,,91.01,
,,91.02,
,,91.02,
,,91.02,
,,91.02,
,,91.02,
,,91.03,
,,91.03,
,,91.03,
,,91.03,
,,91.03,
,,91.03,
,,91.04,
,,91.04,
,,91.04,
,,91.05,
,,91.05,
,,91.05,
,,91.05,
,,91.05,
,,91.05,
,,91.05,
,,91.06,
,,91.06,
,,91.06,
,,91.06,
,,91.06,
,,91.07,
,,91.07,
,,91.07,
,,91.08,
,,91.08,
,,91.08,
,,91.08,
,,91.08,
,,91.09,
,,91.09,
,,91.09,
,,91.09,
,,91.09,
,,91.1,
,,91.11,
,,91.11,
,,91.11,
,,91.11,
,,91.11,
,,91.11,
,,91.12,
,,91.12,
,,91.12,
,,91.12,
,,91.12,
,,91.13,
,,91.13,
,,91.13,
,,91.13,
,,91.14,
,,91.14,
,,91.15,
,,91.16,
,,91.16,
,,91.16,
,,91.16,
,,91.17,
,,91.18,
,,91.18,
,,91.18,
,,91.18,
,,91.19,
,,91.19,
,,91.19,
,,91.19,
,,91.19,
,,91.19,
,,91.2,
,,91.2,
,,91.2,
,,91.2,
,,91.21,
,,91.21,
,,91.21,
,,91.21,
,,91.21,
,,91.22,
,,91.22,
,,91.23,
,,91.23,
,,91.23,
,,91.23,
,,91.24,
,,91.24,
,,91.25,
,,91.26,
,,91.26,
,,91.27,
,,91.27,
,,91.27,
,,91.27,
,,91.27,
,,91.28,
,,91.28,
,,91.28,
,,91.3,
,,91.3,
,,91.3,
,,91.3,
,,91.31,
,,91.31,
,,91.31,
,,91.31,
,,91.31,
,,91.32,
,,91.32,
,,91.32,
,,91.32,
,,91.32,
,,91.32,
,,91.33,
,,91.33,
,,91.33,
,,91.33,
,,91.34,
,,91.34,
,,91.34,
,,91.34,
,,91.34,
,,91.34,
,,91.34,
,,91.35,
,,91.35,
,,91.35,
,,91.35,
,,91.35,
,,91.35,
,,91.36,
,,91.36,
,,91.36,
,,91.36,
,,91.37,
,,91.37,
,,91.37,
,,91.37,
,,91.37,
,,91.37,
,,91.37,
,,91.37,
,,91.37,
,,91.38,
,,91.38,
,,91.38,
,,91.38,
,,91.38,
,,91.39,
,,91.39,
,,91.39,
,,91.39,
,,91.39,
,,91.39,
,,91.4,
,,91.4,
,,91.4,
,,91.4,
,,91.4,
,,91.41,
,,91.42,
,,91.43,
,,91.43,
,,91.43,
,,91.43,
,,91.43,
,,91.43,
,,91.44,
,,91.44,
,,91.44,
,,91.45,
,,91.46,
,,91.46,
,,91.46,
,,91.46,
,,91.47,
,,91.47,
,,91.47,
,,91.48,
,,91.48,
,,91.48,
,,91.48,
,,91.48,
,,91.49,
,,91.49,
,,91.49,
,,91.49,
,,91.49,
,,91.49,
,,91.49,
,,91.5,
,,91.51,
,,91.51,
,,91.51,
,,91.52,
,,91.52,
,,91.52,
,,91.52,
,,91.53,
,,91.53,
,,91.53,
,,91.53,
,,91.53,
,,91.53,
,,91.53,
,,91.53,
,,91.53,
,,91.54,
,,91.55,
,,91.55,
,,91.55,
,,91.56,
,,91.56,
,,91.56,
,,91.58,
,,91.58,
,,91.58,
,,91.58,
,,91.58,
,,91.59,
,,91.59,
,,91.59,
,,91.59,
,,91.6,
,,91.6,
,,91.61,
,,91.61,
,,91.62,
,,91.62,
,,91.63,
,,91.63,
,,91.63,
,,91.63,
,,91.63,
,,91.63,
,,91.64,
,,91.64,
,,91.64,
,,91.64,
,,91.64,
,,91.64,
,,91.64,
,,91.64,
,,91.64,
,,91.65,
,,91.65,
,,91.66,
,,91.66,
,,91.66,
,,91.66,
,,91.67,
,,91.67,
,,91.67,
,,91.68,
,,91.68,
,,91.68,
,,91.68,
,,91.69,
,,91.69,
,,91.69,
,,91.7,
,,91.7,
,,91.71,
,,91.72,
,,91.72,
,,91.72,
,,91.72,
,,91.72,
,,91.73,
,,91.73,
,,91.73,
,,91.73,
,,91.73,
,,91.73,
,,91.73,
,,91.73,
,,91.74,
,,91.74,
,,91.74,
,,91.74,
,,91.74,
,,91.74,
,,91.74,
,,91.75,
,,91.75,
,,91.75,
,,91.76,
,,91.76,
,,91.76,
,,91.76,
,,91.77,
,,91.77,
,,91.78,
,,91.78,
,,91.78,
,,91.78,
,,91.78,
,,91.78,
,,91.78,
,,91.79,
,,91.8,
,,91.8,
,,91.8,
,,91.81,
,,91.81,
,,91.81,
,,91.81,
,,91.81,
,,91.82,
,,91.82,
,,91.82,
,,91.82,
,,91.82,
,,91.84,
,,91.84,
,,91.84,
,,91.85,
,,91.85,
,,91.85,
,,91.86,
,,91.86,
,,91.86,
,,91.86,
,,91.86,
,,91.86,
,,91.86,
,,91.86,
,,91.87,
,,91.87,
,,91.87,
,,91.87,
,,91.87,
,,91.88,
,,91.88,
,,91.88,
,,91.88,
,,91.89,
,,91.9,
,,91.9,
,,91.9,
,,91.9,
,,91.9,
,,91.9,
,,91.91,
,,91.91,
,,91.91,
,,91.91,
,,91.91,
,,91.92,
,,91.92,
,,91.92,
,,91.92,
,,91.93,
,,91.93,
,,91.93,
,,91.94,
,,91.94,
,,91.94,
,,91.94,
,,91.95,
,,91.95,
,,91.95,
,,91.95,
,,91.96,
,,91.96,
,,91.96,
,,91.96,
,,91.97,
,,91.97,
,,91.97,
,,91.97,
,,91.98,
,,91.98,
,,91.99,
,,91.99,
,,91.99,
,,91.99,
,,92,
,,92,
,,92,
,,92.01,
,,92.01,
,,92.02,
,,92.02,
,,92.02,
,,92.02,
,,92.02,
,,92.02,
,,92.02,
,,92.02,
,,92.02,
,,92.02,
,,92.03,
,,92.03,
,,92.03,
,,92.03,
,,92.03,
,,92.05,
,,92.05,
,,92.05,
,,92.05,
,,92.05,
,,92.06,
,,92.06,
,,92.06,
,,92.07,
,,92.07,
,,92.07,
,,92.08,
,,92.08,
,,92.09,
,,92.09,
,,92.09,
,,92.1,
,,92.1,
,,92.1,
,,92.1,
,,92.11,
,,92.11,
,,92.11,
,,92.12,
,,92.12,
,,92.12,
,,92.12,
,,92.12,
,,92.13,
,,92.13,
,,92.13,
,,92.13,
,,92.13,
,,92.13,
,,92.13,
,,92.13,
,,92.14,
,,92.15,
,,92.15,
,,92.15,
,,92.15,
,,92.15,
,,92.15,
,,92.16,
,,92.16,
,,92.16,
,,92.16,
,,92.16,
,,92.17,
,,92.17,
,,92.18,
,,92.18,
,,92.18,
,,92.18,
,,92.18,
,,92.18,
,,92.19,
,,92.19,
,,92.2,
,,92.2,
,,92.2,
,,92.2,
,,92.21,
,,92.21,
,,92.21,
,,92.21,
,,92.21,
,,92.21,
,,92.22,
,,92.22,
,,92.23,
,,92.23,
,,92.23,
,,92.23,
,,92.24,
,,92.24,
,,92.26,
,,92.26,
,,92.26,
,,92.27,
,,92.27,
,,92.27,
,,92.27,
,,92.27,
,,92.28,
,,92.28,
,,92.28,
,,92.28,
,,92.29,
,,92.29,
,,92.29,
,,92.29,
,,92.29,
,,92.3,
,,92.3,
,,92.3,
,,92.3,
,,92.3,
,,92.31,
,,92.31,
,,92.31,
,,92.31,
,,92.31,
,,92.31,
,,92.31,
,,92.31,
,,92.31,
,,92.32,
,,92.32,
,,92.32,
,,92.33,
,,92.34,
,,92.34,
,,92.35,
,,92.35,
,,92.35,
,,92.35,
,,92.36,
,,92.36,
,,92.36,
,,92.36,
,,92.36,
,,92.37,
,,92.37,
,,92.37,
,,92.38,
,,92.38,
,,92.38,
,,92.38,
,,92.38,
,,92.39,
,,92.39,
,,92.39,
,,92.39,
,,92.4,
,,92.4,
,,92.4,
,,92.4,
,,92.41,
,,92.41,
,,92.41,
,,92.41,
,,92.41,
,,92.41,
,,92.41,
,,92.41,
,,92.41,
,,92.42,
,,92.42,
,,92.42,
,,92.42,
,,92.42,
,,92.43,
,,92.43,
,,92.44,
,,92.44,
,,92.44,
,,92.45,
,,92.45,
,,92.46,
,,92.46,
,,92.46,
,,92.46,
,,92.47,
,,92.48,
,,92.49,
,,92.49,
,,92.5,
,,92.5,
,,92.5,
,,92.5,
,,92.51,
,,92.51,
,,92.51,
,,92.51,
,,92.52,
,,92.52,
,,92.52,
,,92.52,
,,92.53,
,,92.53,
,,92.53,
,,92.53,
,,92.53,
,,92.53,
,,92.54,
,,92.54,
,,92.54,
,,92.55,
,,92.55,
,,92.55,
,,92.55,
,,92.55,
,,92.55,
,,92.55,
,,92.55,
,,92.56,
,,92.56,
,,92.56,
,,92.57,
,,92.57,
,,92.57,
,,92.58,
,,92.59,
,,92.59,
,,92.59,
,,92.59,
,,92.59,
,,92.59,
,,92.59,
,,92.6,
,,92.61,
,,92.61,
,,92.61,
,,92.61,
,,92.61,
,,92.62,
,,92.62,
,,92.63,
,,92.63,
,,92.63,
,,92.63,
,,92.63,
,,92.64,
,,92.64,
,,92.65,
,,92.66,
,,92.67,
,,92.68,
,,92.69,
,,92.69,
,,92.69,
,,92.69,
,,92.69,
,,92.7,
,,92.7,
,,92.7,
,,92.71,
,,92.72,
,,92.72,
,,92.73,
,,92.73,
,,92.74,
,,92.76,
,,92.76,
,,92.76,
,,92.76,
,,92.77,
,,92.77,
,,92.77,
,,92.78,
,,92.78,
,,92.78,
,,92.79,
,,92.8,
,,92.8,
,,92.8,
,,92.8,
,,92.81,
,,92.81,
,,92.81,
,,92.81,
,,92.82,
,,92.82,
,,92.82,
,,92.82,
,,92.83,
,,92.83,
,,92.83,
,,92.83,
,,92.84,
,,92.84,
,,92.84,
,,92.84,
,,92.84,
,,92.84,
,,92.85,
,,92.85,
,,92.85,
,,92.85,
,,92.86,
,,92.86,
,,92.86,
,,92.86,
,,92.86,
,,92.86,
,,92.86,
,,92.87,
,,92.87,
,,92.87,
,,92.87,
,,92.87,
,,92.88,
,,92.88,
,,92.88,
,,92.89,
,,92.89,
,,92.89,
,,92.89,
,,92.9,
,,92.9,
,,92.9,
,,92.9,
,,92.91,
,,92.91,
,,92.92,
,,92.93,
,,92.93,
,,92.93,
,,92.93,
,,92.93,
,,92.94,
,,92.94,
,,92.95,
,,92.95,
,,92.95,
,,92.95,
,,92.95,
,,92.95,
,,92.95,
,,92.96,
,,92.96,
,,92.96,
,,92.97,
,,92.97,
,,92.97,
,,92.97,
,,92.97,
,,92.98,
,,92.98,
,,92.98,
,,92.98,
,,92.98,
,,92.99,
,,92.99,
,,93,
,,93,
,,93,
,,93,
,,93,
,,93.01,
,,93.01,
,,93.01,
,,93.01,
,,93.01,
,,93.01,
,,93.02,
,,93.02,
,,93.03,
,,93.03,
,,93.03,
,,93.03,
,,93.03,
,,93.03,
,,93.04,
,,93.04,
,,93.05,
,,93.05,
,,93.05,
,,93.05,
,,93.05,
,,93.05,
,,93.05,
,,93.05,
,,93.06,
,,93.06,
,,93.06,
,,93.07,
,,93.08,
,,93.08,
,,93.08,
,,93.08,
,,93.08,
,,93.09,
,,93.09,
,,93.09,
,,93.1,
,,93.1,
,,93.1,
,,93.11,
,,93.12,
,,93.12,
,,93.12,
,,93.12,
,,93.12,
,,93.12,
,,93.12,
,,93.13,
,,93.13,
,,93.13,
,,93.13,
,,93.13,
,,93.14,
,,93.14,
,,93.14,
,,93.14,
,,93.15,
,,93.15,
,,93.15,
,,93.16,
,,93.16,
,,93.16,
,,93.16,
,,93.16,
,,93.17,
,,93.17,
,,93.17,
,,93.18,
,,93.18,
,,93.19,
,,93.19,
,,93.19,
,,93.19,
,,93.19,
,,93.2,
,,93.2,
,,93.2,
,,93.2,
,,93.21,
,,93.21,
,,93.21,
,,93.22,
,,93.22,
,,93.22,
,,93.23,
,,93.23,
,,93.24,
,,93.24,
,,93.24,
,,93.24,
,,93.24,
,,93.24,
,,93.25,
,,93.25,
,,93.25,
,,93.25,
,,93.26,
,,93.26,
,,93.26,
,,93.26,
,,93.26,
,,93.26,
,,93.26,
,,93.26,
,,93.26,
,,93.27,
,,93.28,
,,93.28,
,,93.28,
,,93.29,
,,93.3,
,,93.3,
,,93.3,
,,93.3,
,,93.3,
,,93.3,
,,93.31,
,,93.32,
,,93.33,
,,93.33,
,,93.33,
,,93.33,
,,93.33,
,,93.33,
,,93.33,
,,93.34,
,,93.34,
,,93.34,
,,93.35,
,,93.36,
,,93.36,
,,93.36,
,,93.36,
,,93.36,
,,93.36,
,,93.36,
,,93.37,
,,93.37,
,,93.37,
,,93.37,
,,93.38,
,,93.39,
,,93.39,
,,93.39,
,,93.39,
,,93.39,
,,93.4,
,,93.41,
,,93.41,
,,93.41,
,,93.41,
,,93.41,
,,93.42,
,,93.42,
,,93.42,
,,93.43,
,,93.43,
,,93.43,
,,93.44,
,,93.45,
,,93.45,
,,93.46,
,,93.46,
,,93.46,
,,93.46,
,,93.46,
,,93.46,
,,93.46,
,,93.46,
,,93.46,
,,93.46,
,,93.47,
,,93.48,
,,93.48,
,,93.49,
,,93.49,
,,93.49,
,,93.5,
,,93.5,
,,93.5,
,,93.5,
,,93.51,
,,93.51,
,,93.51,
,,93.52,
,,93.52,
,,93.52,
,,93.53,
,,93.53,
,,93.54,
,,93.54,
,,93.54,
,,93.54,
,,93.54,
,,93.55,
,,93.55,
,,93.55,
,,93.56,
,,93.56,
,,93.57,
,,93.58,
,,93.58,
,,93.59,
,,93.59,
,,93.59,
,,93.6,
,,93.6,
,,93.6,
,,93.61,
,,93.61,
,,93.62,
,,93.62,
,,93.63,
,,93.63,
,,93.63,
,,93.64,
,,93.64,
,,93.64,
,,93.65,
,,93.65,
,,93.66,
,,93.66,
,,93.67,
,,93.68,
,,93.68,
,,93.68,
,,93.68,
,,93.68,
,,93.68,
,,93.69,
,,93.69,
,,93.7,
,,93.7,
,,93.71,
,,93.71,
,,93.71,
,,93.72,
,,93.72,
,,93.72,
,,93.72,
,,93.73,
,,93.73,
,,93.73,
,,93.73,
,,93.73,
,,93.74,
,,93.74,
,,93.74,
,,93.75,
,,93.75,
,,93.76,
,,93.76,
,,93.76,
,,93.76,
,,93.77,
,,93.77,
,,93.77,
,,93.78,
,,93.78,
,,93.79,
,,93.8,
,,93.81,
,,93.81,
,,93.81,
,,93.81,
,,93.82,
,,93.83,
,,93.83,
,,93.83,
,,93.84,
,,93.84,
,,93.84,
,,93.84,
,,93.85,
,,93.85,
,,93.85,
,,93.85,
,,93.85,
,,93.86,
,,93.86,
,,93.86,
,,93.86,
,,93.87,
,,93.87,
,,93.87,
,,93.88,
,,93.89,
,,93.89,
,,93.9,
,,93.9,
,,93.9,
,,93.9,
,,93.92,
,,93.92,
,,93.93,
,,93.93,
,,93.93,
,,93.93,
,,93.95,
,,93.95,
,,93.95,
,,93.96,
,,93.97,
,,93.97,
,,93.97,
,,93.97,
,,93.97,
,,93.97,
,,93.98,
,,93.99,
,,93.99,
,,94,
,,94.01,
,,94.01,
,,94.02,
,,94.02,
,,94.02,
,,94.03,
,,94.03,
,,94.03,
,,94.03,
,,94.03,
,,94.04,
,,94.05,
,,94.06,
,,94.06,
,,94.06,
,,94.06,
,,94.06,
,,94.07,
,,94.07,
,,94.07,
,,94.07,
,,94.08,
,,94.08,
,,94.08,
,,94.09,
,,94.09,
,,94.09,
,,94.09,
,,94.09,
,,94.09,
,,94.09,
,,94.09,
,,94.1,
,,94.1,
,,94.1,
,,94.1,
,,94.1,
,,94.1,
,,94.1,
,,94.11,
,,94.11,
,,94.11,
,,94.11,
,,94.12,
,,94.12,
,,94.12,
,,94.12,
,,94.12,
,,94.13,
,,94.13,
,,94.13,
,,94.13,
,,94.13,
,,94.14,
,,94.14,
,,94.15,
,,94.15,
,,94.16,
,,94.16,
,,94.16,
,,94.16,
,,94.17,
,,94.17,
,,94.18,
,,94.18,
,,94.18,
,,94.18,
,,94.18,
,,94.18,
,,94.19,
,,94.2,
,,94.2,
,,94.2,
,,94.2,
,,94.2,
,,94.2,
,,94.21,
,,94.21,
,,94.21,
,,94.22,
,,94.23,
,,94.23,
,,94.23,
,,94.24,
,,94.24,
,,94.24,
,,94.24,
,,94.25,
,,94.25,
,,94.25,
,,94.25,
,,94.25,
,,94.25,
,,94.26,
,,94.26,
,,94.26,
,,94.26,
,,94.26,
,,94.26,
,,94.26,
,,94.27,
,,94.27,
,,94.27,
,,94.27,
,,94.28,
,,94.28,
,,94.28,
,,94.28,
,,94.29,
,,94.29,
,,94.29,
,,94.29,
,,94.3,
,,94.31,
,,94.31,
,,94.31,
,,94.31,
,,94.31,
,,94.32,
,,94.32,
,,94.33,
,,94.33,
,,94.34,
,,94.34,
,,94.34,
,,94.34,
,,94.34,
,,94.34,
,,94.34,
,,94.36,
,,94.36,
,,94.36,
,,94.36,
,,94.37,
,,94.37,
,,94.37,
,,94.37,
,,94.37,
,,94.38,
,,94.38,
,,94.38,
,,94.38,
,,94.4,
,,94.41,
,,94.41,
,,94.42,
,,94.42,
,,94.42,
,,94.43,
,,94.44,
,,94.44,
,,94.46,
,,94.46,
,,94.47,
,,94.48,
,,94.48,
,,94.48,
,,94.48,
,,94.49,
,,94.5,
,,94.52,
,,94.52,
,,94.53,
,,94.53,
,,94.54,
,,94.54,
,,94.54,
,,94.54,
,,94.55,
,,94.55,
,,94.55,
,,94.56,
,,94.56,
,,94.57,
,,94.57,
,,94.57,
,,94.58,
,,94.58,
,,94.59,
,,94.6,
,,94.6,
,,94.61,
,,94.61,
,,94.61,
,,94.61,
,,94.61,
,,94.61,
,,94.62,
,,94.62,
,,94.62,
,,94.62,
,,94.62,
,,94.63,
,,94.63,
,,94.63,
,,94.64,
,,94.64,
,,94.64,
,,94.65,
,,94.65,
,,94.65,
,,94.65,
,,94.65,
,,94.65,
,,94.66,
,,94.66,
,,94.66,
,,94.67,
,,94.67,
,,94.68,
,,94.68,
,,94.68,
,,94.69,
,,94.69,
,,94.69,
,,94.69,
,,94.7,
,,94.7,
,,94.7,
,,94.71,
,,94.71,
,,94.71,
,,94.71,
,,94.72,
,,94.72,
,,94.73,
,,94.73,
,,94.73,
,,94.73,
,,94.73,
,,94.73,
,,94.74,
,,94.75,
,,94.75,
,,94.76,
,,94.76,
,,94.76,
,,94.76,
,,94.76,
,,94.78,
,,94.79,
,,94.79,
,,94.8,
,,94.8,
,,94.8,
,,94.81,
,,94.81,
,,94.82,
,,94.82,
,,94.83,
,,94.83,
,,94.84,
,,94.84,
,,94.85,
,,94.86,
,,94.86,
,,94.86,
,,94.86,
,,94.87,
,,94.87,
,,94.87,
,,94.87,
,,94.87,
,,94.88,
,,94.88,
,,94.88,
,,94.88,
,,94.88,
,,94.88,
,,94.89,
,,94.89,
,,94.89,
,,94.9,
,,94.9,
,,94.9,
,,94.91,
,,94.91,
,,94.91,
,,94.91,
,,94.92,
,,94.92,
,,94.92,
,,94.93,
,,94.94,
,,94.95,
,,94.95,
,,94.95,
,,94.96,
,,94.96,
,,94.96,
,,94.96,
,,94.96,
,,94.96,
,,94.97,
,,94.97,
,,94.97,
,,94.98,
,,94.98,
,,94.98,
,,94.98,
,,94.98,
,,94.98,
,,94.99,
,,94.99,
,,94.99,
,,95,
,,95.01,
,,95.01,
,,95.02,
,,95.02,
,,95.03,
,,95.03,
,,95.05,
,,95.06,
,,95.06,
,,95.06,
,,95.06,
,,95.06,
,,95.07,
,,95.07,
,,95.07,
,,95.08,
,,95.08,
,,95.08,
,,95.08,
,,95.09,
,,95.09,
,,95.1,
,,95.11,
,,95.11,
,,95.12,
,,95.12,
,,95.12,
,,95.13,
,,95.15,
,,95.16,
,,95.16,
,,95.16,
,,95.16,
,,95.17,
,,95.17,
,,95.18,
,,95.18,
,,95.18,
,,95.19,
,,95.19,
,,95.2,
,,95.2,
,,95.2,
,,95.23,
,,95.23,
,,95.23,
,,95.24,
,,95.24,
,,95.24,
,,95.25,
,,95.26,
,,95.26,
,,95.26,
,,95.26,
,,95.26,
,,95.27,
,,95.27,
,,95.28,
,,95.28,
,,95.28,
,,95.28,
,,95.29,
,,95.29,
,,95.3,
,,95.3,
,,95.3,
,,95.31,
,,95.31,
,,95.32,
,,95.32,
,,95.33,
,,95.33,
,,95.33,
,,95.34,
,,95.35,
,,95.35,
,,95.36,
,,95.37,
,,95.37,
,,95.37,
,,95.37,
,,95.38,
,,95.38,
,,95.38,
,,95.38,
,,95.38,
,,95.39,
,,95.39,
,,95.39,
,,95.4,
,,95.4,
,,95.41,
,,95.41,
,,95.42,
,,95.42,
,,95.43,
,,95.44,
,,95.45,
,,95.45,
,,95.45,
,,95.45,
,,95.45,
,,95.46,
,,95.47,
,,95.47,
,,95.47,
,,95.48,
,,95.48,
,,95.48,
,,95.48,
,,95.49,
,,95.49,
,,95.49,
,,95.49,
,,95.5,
,,95.5,
,,95.51,
,,95.52,
,,95.52,
,,95.52,
,,95.52,
,,95.54,
,,95.54,
,,95.54,
,,95.55,
,,95.56,
,,95.56,
,,95.56,
,,95.56,
,,95.57,
,,95.57,
,,95.57,
,,95.57,
,,95.58,
,,95.59,
,,95.59,
,,95.6,
,,95.61,
,,95.61,
,,95.62,
,,95.62,
,,95.63,
,,95.63,
,,95.64,
,,95.65,
,,95.65,
,,95.65,
,,95.66,
,,95.66,
,,95.67,
,,95.67,
,,95.68,
,,95.68,
,,95.68,
,,95.69,
,,95.69,
,,95.69,
,,95.7,
,,95.71,
,,95.71,
,,95.71,
,,95.72,
,,95.72,
,,95.73,
,,95.74,
,,95.74,
,,95.75,
,,95.75,
,,95.75,
,,95.75,
,,95.75,
,,95.76,
,,95.76,
,,95.76,
,,95.76,
,,95.76,
,,95.76,
,,95.76,
,,95.76,
,,95.77,
,,95.77,
,,95.77,
,,95.78,
,,95.78,
,,95.78,
,,95.79,
,,95.79,
,,95.79,
,,95.8,
,,95.81,
,,95.81,
,,95.82,
,,95.82,
,,95.83,
,,95.83,
,,95.83,
,,95.85,
,,95.85,
,,95.85,
,,95.86,
,,95.87,
,,95.88,
,,95.88,
,,95.89,
,,95.89,
,,95.9,
,,95.9,
,,95.91,
,,95.91,
,,95.92,
,,95.93,
,,95.94,
,,95.95,
,,95.96,
,,95.96,
,,95.97,
,,95.98,
,,95.98,
,,95.99,
,,95.99,
,,95.99,
,,96,
,,96,
,,96.02,
,,96.02,
,,96.03,
,,96.03,
,,96.03,
,,96.04,
,,96.04,
,,96.05,
,,96.05,
,,96.07,
,,96.07,
,,96.08,
,,96.08,
,,96.08,
,,96.1,
,,96.11,
,,96.12,
,,96.12,
,,96.12,
,,96.13,
,,96.14,
,,96.14,
,,96.14,
,,96.14,
,,96.15,
,,96.16,
,,96.17,
,,96.17,
,,96.17,
,,96.17,
,,96.17,
,,96.18,
,,96.19,
,,96.19,
,,96.19,
,,96.19,
,,96.19,
,,96.2,
,,96.2,
,,96.21,
,,96.21,
,,96.22,
,,96.22,
,,96.22,
,,96.23,
,,96.23,
,,96.23,
,,96.23,
,,96.24,
,,96.24,
,,96.26,
,,96.27,
,,96.28,
,,96.29,
,,96.29,
,,96.29,
,,96.31,
,,96.32,
,,96.33,
,,96.33,
,,96.33,
,,96.34,
,,96.36,
,,96.36,
,,96.37,
,,96.39,
,,96.39,
,,96.4,
,,96.42,
,,96.43,
,,96.44,
,,96.44,
,,96.44,
,,96.45,
,,96.45,
,,96.45,
,,96.45,
,,96.45,
,,96.46,
,,96.46,
,,96.47,
,,96.47,
,,96.48,
,,96.49,
,,96.49,
,,96.5,
,,96.5,
,,96.52,
,,96.52,
,,96.53,
,,96.53,
,,96.53,
,,96.54,
,,96.54,
,,96.55,
,,96.55,
,,96.55,
,,96.57,
,,96.58,
,,96.59,
,,96.59,
,,96.6,
,,96.6,
,,96.61,
,,96.61,
,,96.61,
,,96.62,
,,96.63,
,,96.63,
,,96.68,
,,96.68,
,,96.68,
,,96.68,
,,96.69,
,,96.69,
,,96.69,
,,96.7,
,,96.71,
,,96.71,
,,96.71,
,,96.72,
,,96.74,
,,96.74,
,,96.77,
,,96.78,
,,96.78,
,,96.78,
,,96.78,
,,96.79,
,,96.8,
,,96.81,
,,96.82,
,,96.82,
,,96.84,
,,96.85,
,,96.86,
,,96.86,
,,96.86,
,,96.88,
,,96.89,
,,96.89,
,,96.89,
,,96.9,
,,96.92,
,,96.95,
,,96.97,
,,96.99,
,,96.99,
,,97.01,
,,97.01,
,,97.04,
,,97.08,
,,97.09,
,,97.09,
,,97.09,
,,97.09,
,,97.11,
,,97.14,
,,97.16,
,,97.18,
,,97.2,
,,97.2,
,,97.21,
,,97.21,
,,97.23,
,,97.23,
,,97.26,
,,97.26,
,,97.28,
,,97.28,
,,97.28,
,,97.32,
,,97.32,
,,97.33,
,,97.33,
,,97.34,
,,97.36,
,,97.36,
,,97.36,
,,97.37,
,,97.37,
,,97.39,
,,97.39,
,,97.39,
,,97.4,
,,97.41,
,,97.42,
,,97.43,
,,97.45,
,,97.47,
,,97.47,
,,97.48,
,,97.49,
,,97.52,
,,97.53,
,,97.54,
,,97.55,
,,97.55,
,,97.57,
,,97.57,
,,97.59,
,,97.61,
,,97.62,
,,97.64,
,,97.65,
,,97.67,
,,97.67,
,,97.68,
,,97.68,
,,97.72,
,,97.73,
,,97.74,
,,97.75,
,,97.75,
,,97.77,
,,97.78,
,,97.78,
,,97.78,
,,97.84,
,,97.85,
,,97.85,
,,97.88,
,,97.97,
,,97.97,
,,97.98,
,,97.98,
,,97.99,
,,98,
,,98,
,,98.01,
,,98.07,
,,98.08,
,,98.09,
,,98.1,
,,98.11,
,,98.14,
,,98.16,
,,98.18,
,,98.19,
,,98.19,
,,98.21,
,,98.22,
,,98.23,
,,98.3,
,,98.3,
,,98.38,
,,98.51,
,,98.54,
,,98.61,
,,98.68,
,,98.73,
,,98.86,
,,98.9,
,,98.99,
,,99.03,
,,99.06,
,,99.12,
,,99.12,
,,99.13,
,,99.15,
,,99.25,
,,99.3,
,,99.37,
,,99.41,
,,100,
,,100,
